filename,pred
dataset\1\1.jpg,1
dataset\1\10.jpg,1
dataset\1\100.jpg,1
dataset\1\101.jpg,1
dataset\1\102.jpg,1
dataset\1\103.jpg,1
dataset\1\104.jpg,1
dataset\1\105.jpg,1
dataset\1\106.jpg,1
dataset\1\107.jpg,1
dataset\1\108.jpg,1
dataset\1\109.jpg,1
dataset\1\11.jpg,1
dataset\1\110.jpg,1
dataset\1\111.jpg,1
dataset\1\112.jpg,1
dataset\1\113.jpg,1
dataset\1\114.jpg,1
dataset\1\115.jpg,1
dataset\1\116.jpg,1
dataset\1\117.jpg,1
dataset\1\118.jpg,1
dataset\1\119.jpg,1
dataset\1\12.jpg,1
dataset\1\120.jpg,1
dataset\1\121.jpg,1
dataset\1\122.jpg,1
dataset\1\123.jpg,1
dataset\1\124.jpg,1
dataset\1\125.jpg,1
dataset\1\126.jpg,1
dataset\1\127.jpg,1
dataset\1\128.jpg,1
dataset\1\129.jpg,1
dataset\1\13.jpg,1
dataset\1\130.jpg,1
dataset\1\131.jpg,1
dataset\1\132.jpg,1
dataset\1\133.jpg,1
dataset\1\134.jpg,1
dataset\1\14.jpg,1
dataset\1\15.jpg,1
dataset\1\16.jpg,1
dataset\1\17.jpg,1
dataset\1\18.jpg,1
dataset\1\19.jpg,1
dataset\1\2.jpg,1
dataset\1\20.jpg,1
dataset\1\21.jpg,1
dataset\1\22.jpg,1
dataset\1\23.jpg,1
dataset\1\24.jpg,1
dataset\1\25.jpg,1
dataset\1\26.jpg,1
dataset\1\27.jpg,1
dataset\1\28.jpg,1
dataset\1\29.jpg,1
dataset\1\3.jpg,1
dataset\1\30.jpg,1
dataset\1\31.jpg,1
dataset\1\32.jpg,1
dataset\1\33.jpg,1
dataset\1\34.jpg,1
dataset\1\35.jpg,1
dataset\1\36.jpg,1
dataset\1\37.jpg,1
dataset\1\38.jpg,1
dataset\1\39.jpg,1
dataset\1\4.jpg,1
dataset\1\40.jpg,1
dataset\1\41.jpg,1
dataset\1\42.jpg,1
dataset\1\43.jpg,1
dataset\1\44.jpg,1
dataset\1\45.jpg,1
dataset\1\46.jpg,1
dataset\1\47.jpg,1
dataset\1\48.jpg,1
dataset\1\49.jpg,1
dataset\1\5.jpg,1
dataset\1\50.jpg,1
dataset\1\51.jpg,1
dataset\1\52.jpg,1
dataset\1\53.jpg,1
dataset\1\54.jpg,1
dataset\1\55.jpg,1
dataset\1\56.jpg,1
dataset\1\57.jpg,1
dataset\1\58.jpg,1
dataset\1\59.jpg,1
dataset\1\6.jpg,1
dataset\1\60.jpg,1
dataset\1\61.jpg,1
dataset\1\62.jpg,1
dataset\1\63.jpg,1
dataset\1\64.jpg,1
dataset\1\65.jpg,1
dataset\1\66.jpg,1
dataset\1\67.jpg,1
dataset\1\68.jpg,1
dataset\1\69.jpg,1
dataset\1\7.jpg,1
dataset\1\70.jpg,1
dataset\1\71.jpg,1
dataset\1\72.jpg,1
dataset\1\73.jpg,1
dataset\1\74.jpg,1
dataset\1\75.jpg,1
dataset\1\76.jpg,1
dataset\1\77.jpg,1
dataset\1\78.jpg,1
dataset\1\79.jpg,1
dataset\1\8.jpg,1
dataset\1\80.jpg,1
dataset\1\81.jpg,1
dataset\1\82.jpg,1
dataset\1\83.jpg,1
dataset\1\84.jpg,1
dataset\1\85.jpg,1
dataset\1\86.jpg,1
dataset\1\87.jpg,1
dataset\1\88.jpg,1
dataset\1\89.jpg,1
dataset\1\9.jpg,1
dataset\1\90.jpg,1
dataset\1\91.jpg,1
dataset\1\92.jpg,1
dataset\1\93.jpg,1
dataset\1\94.jpg,1
dataset\1\95.jpg,1
dataset\1\96.jpg,1
dataset\1\97.jpg,1
dataset\1\98.jpg,1
dataset\1\99.jpg,1
dataset\2\1.jpg,2
dataset\2\10.jpg,2
dataset\2\100.jpg,2
dataset\2\101.jpg,2
dataset\2\102.jpg,2
dataset\2\103.jpg,2
dataset\2\104.jpg,2
dataset\2\105.jpg,2
dataset\2\106.jpg,2
dataset\2\107.jpg,2
dataset\2\108.jpg,2
dataset\2\109.jpg,2
dataset\2\11.jpg,2
dataset\2\110.jpg,2
dataset\2\111.jpg,2
dataset\2\112.jpg,2
dataset\2\113.jpg,2
dataset\2\114.jpg,2
dataset\2\115.jpg,2
dataset\2\116.jpg,2
dataset\2\117.jpg,2
dataset\2\118.jpg,2
dataset\2\119.jpg,2
dataset\2\12.jpg,2
dataset\2\120.jpg,2
dataset\2\121.jpg,2
dataset\2\122.jpg,2
dataset\2\123.jpg,2
dataset\2\124.jpg,2
dataset\2\125.jpg,2
dataset\2\126.jpg,2
dataset\2\127.jpg,2
dataset\2\128.jpg,2
dataset\2\129.jpg,2
dataset\2\13.jpg,2
dataset\2\130.jpg,2
dataset\2\131.jpg,2
dataset\2\132.jpg,2
dataset\2\14.jpg,2
dataset\2\15.jpg,2
dataset\2\16.jpg,2
dataset\2\17.jpg,2
dataset\2\18.jpg,2
dataset\2\19.jpg,2
dataset\2\2.jpg,2
dataset\2\20.jpg,2
dataset\2\21.jpg,2
dataset\2\22.jpg,2
dataset\2\23.jpg,2
dataset\2\24.jpg,2
dataset\2\25.jpg,2
dataset\2\26.jpg,2
dataset\2\27.jpg,2
dataset\2\28.jpg,2
dataset\2\29.jpg,2
dataset\2\3.jpg,2
dataset\2\30.jpg,2
dataset\2\31.jpg,2
dataset\2\32.jpg,2
dataset\2\33.jpg,2
dataset\2\34.jpg,2
dataset\2\35.jpg,2
dataset\2\36.jpg,2
dataset\2\37.jpg,2
dataset\2\38.jpg,2
dataset\2\39.jpg,2
dataset\2\4.jpg,2
dataset\2\40.jpg,2
dataset\2\41.jpg,2
dataset\2\42.jpg,2
dataset\2\43.jpg,2
dataset\2\44.jpg,2
dataset\2\45.jpg,2
dataset\2\46.jpg,2
dataset\2\47.jpg,2
dataset\2\48.jpg,2
dataset\2\49.jpg,2
dataset\2\5.jpg,2
dataset\2\50.jpg,2
dataset\2\51.jpg,2
dataset\2\52.jpg,2
dataset\2\53.jpg,2
dataset\2\54.jpg,2
dataset\2\55.jpg,2
dataset\2\56.jpg,2
dataset\2\57.jpg,2
dataset\2\58.jpg,2
dataset\2\59.jpg,2
dataset\2\6.jpg,2
dataset\2\60.jpg,2
dataset\2\61.jpg,2
dataset\2\62.jpg,2
dataset\2\63.jpg,2
dataset\2\64.jpg,2
dataset\2\65.jpg,2
dataset\2\66.jpg,2
dataset\2\67.jpg,2
dataset\2\68.jpg,2
dataset\2\69.jpg,2
dataset\2\7.jpg,2
dataset\2\70.jpg,2
dataset\2\71.jpg,2
dataset\2\72.jpg,2
dataset\2\73.jpg,2
dataset\2\74.jpg,2
dataset\2\75.jpg,2
dataset\2\76.jpg,2
dataset\2\77.jpg,2
dataset\2\78.jpg,2
dataset\2\79.jpg,2
dataset\2\8.jpg,2
dataset\2\80.jpg,2
dataset\2\81.jpg,2
dataset\2\82.jpg,2
dataset\2\83.jpg,2
dataset\2\84.jpg,2
dataset\2\85.jpg,2
dataset\2\86.jpg,2
dataset\2\87.jpg,2
dataset\2\88.jpg,2
dataset\2\89.jpg,2
dataset\2\9.jpg,2
dataset\2\90.jpg,2
dataset\2\91.jpg,2
dataset\2\92.jpg,2
dataset\2\93.jpg,2
dataset\2\94.jpg,2
dataset\2\95.jpg,2
dataset\2\96.jpg,2
dataset\2\97.jpg,2
dataset\2\98.jpg,2
dataset\2\99.jpg,2
dataset\3\1.jpg,3
dataset\3\10.jpg,3
dataset\3\100.jpg,3
dataset\3\101.jpg,3
dataset\3\102.jpg,3
dataset\3\103.jpg,3
dataset\3\104.jpg,3
dataset\3\105.jpg,3
dataset\3\106.jpg,3
dataset\3\107.jpg,3
dataset\3\108.jpg,3
dataset\3\109.jpg,3
dataset\3\11.jpg,3
dataset\3\110.jpg,3
dataset\3\111.jpg,3
dataset\3\112.jpg,3
dataset\3\113.jpg,3
dataset\3\114.jpg,3
dataset\3\115.jpg,3
dataset\3\116.jpg,3
dataset\3\117.jpg,3
dataset\3\118.jpg,3
dataset\3\119.jpg,3
dataset\3\12.jpg,3
dataset\3\120.jpg,3
dataset\3\121.jpg,3
dataset\3\122.jpg,3
dataset\3\123.jpg,3
dataset\3\13.jpg,3
dataset\3\14.jpg,3
dataset\3\15.jpg,3
dataset\3\16.jpg,3
dataset\3\17.jpg,3
dataset\3\18.jpg,3
dataset\3\19.jpg,3
dataset\3\2.jpg,3
dataset\3\20.jpg,3
dataset\3\21.jpg,3
dataset\3\22.jpg,3
dataset\3\23.jpg,3
dataset\3\24.jpg,3
dataset\3\25.jpg,3
dataset\3\26.jpg,3
dataset\3\27.jpg,3
dataset\3\28.jpg,3
dataset\3\29.jpg,3
dataset\3\3.jpg,3
dataset\3\30.jpg,3
dataset\3\31.jpg,3
dataset\3\32.jpg,3
dataset\3\33.jpg,3
dataset\3\34.jpg,3
dataset\3\35.jpg,3
dataset\3\36.jpg,3
dataset\3\37.jpg,3
dataset\3\38.jpg,3
dataset\3\39.jpg,3
dataset\3\4.jpg,3
dataset\3\40.jpg,3
dataset\3\41.jpg,3
dataset\3\42.jpg,3
dataset\3\43.jpg,3
dataset\3\44.jpg,3
dataset\3\45.jpg,3
dataset\3\46.jpg,3
dataset\3\47.jpg,3
dataset\3\48.jpg,3
dataset\3\49.jpg,3
dataset\3\5.jpg,3
dataset\3\50.jpg,3
dataset\3\51.jpg,3
dataset\3\52.jpg,3
dataset\3\53.jpg,3
dataset\3\54.jpg,3
dataset\3\55.jpg,3
dataset\3\56.jpg,3
dataset\3\57.jpg,3
dataset\3\58.jpg,3
dataset\3\59.jpg,3
dataset\3\6.jpg,3
dataset\3\60.jpg,3
dataset\3\61.jpg,3
dataset\3\62.jpg,3
dataset\3\63.jpg,3
dataset\3\64.jpg,3
dataset\3\65.jpg,3
dataset\3\66.jpg,3
dataset\3\67.jpg,3
dataset\3\68.jpg,3
dataset\3\69.jpg,3
dataset\3\7.jpg,3
dataset\3\70.jpg,3
dataset\3\71.jpg,3
dataset\3\72.jpg,3
dataset\3\73.jpg,3
dataset\3\74.jpg,3
dataset\3\75.jpg,3
dataset\3\76.jpg,3
dataset\3\77.jpg,3
dataset\3\78.jpg,3
dataset\3\79.jpg,3
dataset\3\8.jpg,3
dataset\3\80.jpg,3
dataset\3\81.jpg,3
dataset\3\82.jpg,3
dataset\3\83.jpg,3
dataset\3\84.jpg,3
dataset\3\85.jpg,3
dataset\3\86.jpg,3
dataset\3\87.jpg,3
dataset\3\88.jpg,3
dataset\3\89.jpg,3
dataset\3\9.jpg,3
dataset\3\90.jpg,3
dataset\3\91.jpg,3
dataset\3\92.jpg,3
dataset\3\93.jpg,3
dataset\3\94.jpg,3
dataset\3\95.jpg,3
dataset\3\96.jpg,3
dataset\3\97.jpg,3
dataset\3\98.jpg,3
dataset\3\99.jpg,3
dataset\4\1.jpg,4
dataset\4\10.jpg,4
dataset\4\100.jpg,4
dataset\4\101.jpg,4
dataset\4\102.jpg,4
dataset\4\103.jpg,4
dataset\4\104.jpg,4
dataset\4\105.jpg,4
dataset\4\106.jpg,4
dataset\4\107.jpg,4
dataset\4\108.jpg,4
dataset\4\109.jpg,4
dataset\4\11.jpg,4
dataset\4\110.jpg,4
dataset\4\111.jpg,4
dataset\4\112.jpg,4
dataset\4\113.jpg,4
dataset\4\114.jpg,4
dataset\4\12.jpg,4
dataset\4\13.jpg,4
dataset\4\14.jpg,4
dataset\4\15.jpg,4
dataset\4\16.jpg,4
dataset\4\17.jpg,4
dataset\4\18.jpg,4
dataset\4\19.jpg,4
dataset\4\2.jpg,4
dataset\4\20.jpg,4
dataset\4\21.jpg,4
dataset\4\22.jpg,4
dataset\4\23.jpg,4
dataset\4\24.jpg,4
dataset\4\25.jpg,4
dataset\4\26.jpg,4
dataset\4\27.jpg,4
dataset\4\28.jpg,4
dataset\4\29.jpg,4
dataset\4\3.jpg,4
dataset\4\30.jpg,4
dataset\4\31.jpg,4
dataset\4\32.jpg,4
dataset\4\33.jpg,4
dataset\4\34.jpg,4
dataset\4\35.jpg,4
dataset\4\36.jpg,4
dataset\4\37.jpg,4
dataset\4\38.jpg,4
dataset\4\39.jpg,4
dataset\4\4.jpg,4
dataset\4\40.jpg,4
dataset\4\41.jpg,4
dataset\4\42.jpg,4
dataset\4\43.jpg,4
dataset\4\44.jpg,4
dataset\4\45.jpg,4
dataset\4\46.jpg,4
dataset\4\47.jpg,4
dataset\4\48.jpg,4
dataset\4\49.jpg,4
dataset\4\5.jpg,4
dataset\4\50.jpg,4
dataset\4\51.jpg,4
dataset\4\52.jpg,4
dataset\4\53.jpg,4
dataset\4\54.jpg,4
dataset\4\55.jpg,4
dataset\4\56.jpg,4
dataset\4\57.jpg,4
dataset\4\58.jpg,4
dataset\4\59.jpg,4
dataset\4\6.jpg,4
dataset\4\60.jpg,4
dataset\4\61.jpg,4
dataset\4\62.jpg,4
dataset\4\63.jpg,4
dataset\4\64.jpg,4
dataset\4\65.jpg,4
dataset\4\66.jpg,4
dataset\4\67.jpg,4
dataset\4\68.jpg,4
dataset\4\69.jpg,4
dataset\4\7.jpg,4
dataset\4\70.jpg,4
dataset\4\71.jpg,4
dataset\4\72.jpg,4
dataset\4\73.jpg,4
dataset\4\74.jpg,4
dataset\4\75.jpg,4
dataset\4\76.jpg,4
dataset\4\77.jpg,4
dataset\4\78.jpg,4
dataset\4\79.jpg,4
dataset\4\8.jpg,4
dataset\4\80.jpg,4
dataset\4\81.jpg,4
dataset\4\82.jpg,4
dataset\4\83.jpg,4
dataset\4\84.jpg,4
dataset\4\85.jpg,4
dataset\4\86.jpg,4
dataset\4\87.jpg,4
dataset\4\88.jpg,4
dataset\4\89.jpg,4
dataset\4\9.jpg,4
dataset\4\90.jpg,4
dataset\4\91.jpg,4
dataset\4\92.jpg,4
dataset\4\93.jpg,4
dataset\4\94.jpg,4
dataset\4\95.jpg,4
dataset\4\96.jpg,4
dataset\4\97.jpg,4
dataset\4\98.jpg,4
dataset\4\99.jpg,4
dataset\5\1.jpg,5
dataset\5\10.jpg,5
dataset\5\100.jpg,5
dataset\5\101.jpg,5
dataset\5\102.jpg,5
dataset\5\103.jpg,5
dataset\5\104.jpg,5
dataset\5\105.jpg,5
dataset\5\106.jpg,5
dataset\5\107.jpg,5
dataset\5\108.jpg,5
dataset\5\109.jpg,5
dataset\5\11.jpg,5
dataset\5\110.jpg,5
dataset\5\111.jpg,5
dataset\5\112.jpg,5
dataset\5\113.jpg,5
dataset\5\12.jpg,5
dataset\5\13.jpg,5
dataset\5\14.jpg,5
dataset\5\15.jpg,5
dataset\5\16.jpg,5
dataset\5\17.jpg,5
dataset\5\18.jpg,5
dataset\5\19.jpg,5
dataset\5\2.jpg,5
dataset\5\20.jpg,5
dataset\5\21.jpg,5
dataset\5\22.jpg,5
dataset\5\23.jpg,5
dataset\5\24.jpg,5
dataset\5\25.jpg,5
dataset\5\26.jpg,5
dataset\5\27.jpg,5
dataset\5\28.jpg,5
dataset\5\29.jpg,5
dataset\5\3.jpg,5
dataset\5\30.jpg,5
dataset\5\31.jpg,5
dataset\5\32.jpg,5
dataset\5\33.jpg,5
dataset\5\34.jpg,5
dataset\5\35.jpg,5
dataset\5\36.jpg,5
dataset\5\37.jpg,5
dataset\5\38.jpg,5
dataset\5\39.jpg,5
dataset\5\4.jpg,5
dataset\5\40.jpg,5
dataset\5\41.jpg,5
dataset\5\42.jpg,5
dataset\5\43.jpg,5
dataset\5\44.jpg,5
dataset\5\45.jpg,5
dataset\5\46.jpg,5
dataset\5\47.jpg,5
dataset\5\48.jpg,5
dataset\5\49.jpg,5
dataset\5\5.jpg,5
dataset\5\50.jpg,5
dataset\5\51.jpg,5
dataset\5\52.jpg,5
dataset\5\53.jpg,5
dataset\5\54.jpg,5
dataset\5\55.jpg,5
dataset\5\56.jpg,5
dataset\5\57.jpg,5
dataset\5\58.jpg,5
dataset\5\59.jpg,5
dataset\5\6.jpg,5
dataset\5\60.jpg,5
dataset\5\61.jpg,5
dataset\5\62.jpg,5
dataset\5\63.jpg,5
dataset\5\64.jpg,5
dataset\5\65.jpg,5
dataset\5\66.jpg,5
dataset\5\67.jpg,5
dataset\5\68.jpg,5
dataset\5\69.jpg,5
dataset\5\7.jpg,5
dataset\5\70.jpg,5
dataset\5\71.jpg,5
dataset\5\72.jpg,5
dataset\5\73.jpg,5
dataset\5\74.jpg,5
dataset\5\75.jpg,5
dataset\5\76.jpg,5
dataset\5\77.jpg,5
dataset\5\78.jpg,5
dataset\5\79.jpg,5
dataset\5\8.jpg,5
dataset\5\80.jpg,5
dataset\5\81.jpg,5
dataset\5\82.jpg,5
dataset\5\83.jpg,5
dataset\5\84.jpg,5
dataset\5\85.jpg,5
dataset\5\86.jpg,5
dataset\5\87.jpg,5
dataset\5\88.jpg,5
dataset\5\89.jpg,5
dataset\5\9.jpg,5
dataset\5\90.jpg,5
dataset\5\91.jpg,5
dataset\5\92.jpg,5
dataset\5\93.jpg,5
dataset\5\94.jpg,5
dataset\5\95.jpg,5
dataset\5\96.jpg,5
dataset\5\97.jpg,5
dataset\5\98.jpg,5
dataset\5\99.jpg,5
dataset\6\1.jpg,6
dataset\6\10.jpg,6
dataset\6\100.jpg,6
dataset\6\101.jpg,6
dataset\6\102.jpg,6
dataset\6\103.jpg,6
dataset\6\104.jpg,6
dataset\6\105.jpg,6
dataset\6\106.jpg,6
dataset\6\107.jpg,6
dataset\6\108.jpg,6
dataset\6\109.jpg,6
dataset\6\11.jpg,6
dataset\6\110.jpg,6
dataset\6\111.jpg,6
dataset\6\112.jpg,6
dataset\6\113.jpg,6
dataset\6\114.jpg,6
dataset\6\115.jpg,6
dataset\6\116.jpg,6
dataset\6\117.jpg,6
dataset\6\118.jpg,6
dataset\6\119.jpg,6
dataset\6\12.jpg,6
dataset\6\120.jpg,6
dataset\6\121.jpg,6
dataset\6\122.jpg,6
dataset\6\123.jpg,6
dataset\6\124.jpg,6
dataset\6\125.jpg,6
dataset\6\126.jpg,6
dataset\6\127.jpg,6
dataset\6\128.jpg,6
dataset\6\129.jpg,6
dataset\6\13.jpg,6
dataset\6\130.jpg,6
dataset\6\131.jpg,6
dataset\6\132.jpg,6
dataset\6\133.jpg,6
dataset\6\134.jpg,6
dataset\6\135.jpg,6
dataset\6\136.jpg,6
dataset\6\14.jpg,6
dataset\6\15.jpg,6
dataset\6\16.jpg,6
dataset\6\17.jpg,6
dataset\6\18.jpg,6
dataset\6\19.jpg,6
dataset\6\2.jpg,6
dataset\6\20.jpg,6
dataset\6\21.jpg,6
dataset\6\22.jpg,6
dataset\6\23.jpg,6
dataset\6\24.jpg,6
dataset\6\25.jpg,6
dataset\6\26.jpg,6
dataset\6\27.jpg,6
dataset\6\28.jpg,6
dataset\6\29.jpg,6
dataset\6\3.jpg,6
dataset\6\30.jpg,6
dataset\6\31.jpg,6
dataset\6\32.jpg,6
dataset\6\33.jpg,6
dataset\6\34.jpg,6
dataset\6\35.jpg,6
dataset\6\36.jpg,6
dataset\6\37.jpg,6
dataset\6\38.jpg,6
dataset\6\39.jpg,6
dataset\6\4.jpg,6
dataset\6\40.jpg,6
dataset\6\41.jpg,6
dataset\6\42.jpg,6
dataset\6\43.jpg,6
dataset\6\44.jpg,6
dataset\6\45.jpg,6
dataset\6\46.jpg,6
dataset\6\47.jpg,6
dataset\6\48.jpg,6
dataset\6\49.jpg,6
dataset\6\5.jpg,6
dataset\6\50.jpg,6
dataset\6\51.jpg,6
dataset\6\52.jpg,6
dataset\6\53.jpg,6
dataset\6\54.jpg,6
dataset\6\55.jpg,6
dataset\6\56.jpg,6
dataset\6\57.jpg,6
dataset\6\58.jpg,6
dataset\6\59.jpg,6
dataset\6\6.jpg,6
dataset\6\60.jpg,6
dataset\6\61.jpg,6
dataset\6\62.jpg,6
dataset\6\63.jpg,6
dataset\6\64.jpg,6
dataset\6\65.jpg,6
dataset\6\66.jpg,6
dataset\6\67.jpg,6
dataset\6\68.jpg,6
dataset\6\69.jpg,6
dataset\6\7.jpg,6
dataset\6\70.jpg,6
dataset\6\71.jpg,6
dataset\6\72.jpg,6
dataset\6\73.jpg,6
dataset\6\74.jpg,6
dataset\6\75.jpg,6
dataset\6\76.jpg,6
dataset\6\77.jpg,6
dataset\6\78.jpg,6
dataset\6\79.jpg,6
dataset\6\8.jpg,6
dataset\6\80.jpg,6
dataset\6\81.jpg,6
dataset\6\82.jpg,6
dataset\6\83.jpg,6
dataset\6\84.jpg,6
dataset\6\85.jpg,6
dataset\6\86.jpg,6
dataset\6\87.jpg,6
dataset\6\88.jpg,6
dataset\6\89.jpg,6
dataset\6\9.jpg,6
dataset\6\90.jpg,6
dataset\6\91.jpg,6
dataset\6\92.jpg,6
dataset\6\93.jpg,6
dataset\6\94.jpg,6
dataset\6\95.jpg,6
dataset\6\96.jpg,6
dataset\6\97.jpg,6
dataset\6\98.jpg,6
dataset\6\99.jpg,6
dataset\7\1.jpg,7
dataset\7\10.jpg,7
dataset\7\100.jpg,7
dataset\7\101.jpg,7
dataset\7\102.jpg,7
dataset\7\103.jpg,7
dataset\7\104.jpg,7
dataset\7\105.jpg,7
dataset\7\106.jpg,7
dataset\7\107.jpg,7
dataset\7\108.jpg,7
dataset\7\109.jpg,7
dataset\7\11.jpg,7
dataset\7\110.jpg,7
dataset\7\111.jpg,7
dataset\7\112.jpg,7
dataset\7\113.jpg,7
dataset\7\114.jpg,7
dataset\7\115.jpg,7
dataset\7\116.jpg,7
dataset\7\117.jpg,7
dataset\7\118.jpg,7
dataset\7\119.jpg,7
dataset\7\12.jpg,7
dataset\7\120.jpg,7
dataset\7\121.jpg,7
dataset\7\122.jpg,7
dataset\7\123.jpg,7
dataset\7\124.jpg,7
dataset\7\125.jpg,7
dataset\7\126.jpg,7
dataset\7\127.jpg,7
dataset\7\128.jpg,7
dataset\7\13.jpg,7
dataset\7\14.jpg,7
dataset\7\15.jpg,7
dataset\7\16.jpg,7
dataset\7\17.jpg,7
dataset\7\18.jpg,7
dataset\7\19.jpg,7
dataset\7\2.jpg,7
dataset\7\20.jpg,7
dataset\7\21.jpg,7
dataset\7\22.jpg,7
dataset\7\23.jpg,7
dataset\7\24.jpg,7
dataset\7\25.jpg,7
dataset\7\26.jpg,7
dataset\7\27.jpg,7
dataset\7\28.jpg,7
dataset\7\29.jpg,7
dataset\7\3.jpg,7
dataset\7\30.jpg,7
dataset\7\31.jpg,7
dataset\7\32.jpg,7
dataset\7\33.jpg,7
dataset\7\34.jpg,7
dataset\7\35.jpg,7
dataset\7\36.jpg,7
dataset\7\37.jpg,7
dataset\7\38.jpg,7
dataset\7\39.jpg,7
dataset\7\4.jpg,7
dataset\7\40.jpg,7
dataset\7\41.jpg,7
dataset\7\42.jpg,7
dataset\7\43.jpg,7
dataset\7\44.jpg,7
dataset\7\45.jpg,7
dataset\7\46.jpg,7
dataset\7\47.jpg,7
dataset\7\48.jpg,7
dataset\7\49.jpg,7
dataset\7\5.jpg,7
dataset\7\50.jpg,7
dataset\7\51.jpg,7
dataset\7\52.jpg,7
dataset\7\53.jpg,7
dataset\7\54.jpg,7
dataset\7\55.jpg,7
dataset\7\56.jpg,7
dataset\7\57.jpg,7
dataset\7\58.jpg,7
dataset\7\59.jpg,7
dataset\7\6.jpg,7
dataset\7\60.jpg,7
dataset\7\61.jpg,7
dataset\7\62.jpg,7
dataset\7\63.jpg,7
dataset\7\64.jpg,7
dataset\7\65.jpg,7
dataset\7\66.jpg,7
dataset\7\67.jpg,7
dataset\7\68.jpg,7
dataset\7\69.jpg,7
dataset\7\7.jpg,7
dataset\7\70.jpg,7
dataset\7\71.jpg,7
dataset\7\72.jpg,7
dataset\7\73.jpg,7
dataset\7\74.jpg,7
dataset\7\75.jpg,7
dataset\7\76.jpg,7
dataset\7\77.jpg,7
dataset\7\78.jpg,7
dataset\7\79.jpg,7
dataset\7\8.jpg,7
dataset\7\80.jpg,7
dataset\7\81.jpg,7
dataset\7\82.jpg,7
dataset\7\83.jpg,7
dataset\7\84.jpg,7
dataset\7\85.jpg,7
dataset\7\86.jpg,7
dataset\7\87.jpg,7
dataset\7\88.jpg,7
dataset\7\89.jpg,7
dataset\7\9.jpg,7
dataset\7\90.jpg,7
dataset\7\91.jpg,7
dataset\7\92.jpg,7
dataset\7\93.jpg,7
dataset\7\94.jpg,7
dataset\7\95.jpg,7
dataset\7\96.jpg,7
dataset\7\97.jpg,7
dataset\7\98.jpg,7
dataset\7\99.jpg,7
dataset\8\1.jpg,8
dataset\8\10.jpg,8
dataset\8\100.jpg,8
dataset\8\101.jpg,8
dataset\8\102.jpg,8
dataset\8\103.jpg,8
dataset\8\104.jpg,8
dataset\8\105.jpg,8
dataset\8\106.jpg,8
dataset\8\107.jpg,8
dataset\8\108.jpg,8
dataset\8\109.jpg,8
dataset\8\11.jpg,8
dataset\8\110.jpg,8
dataset\8\111.jpg,8
dataset\8\112.jpg,8
dataset\8\113.jpg,8
dataset\8\114.jpg,8
dataset\8\115.jpg,8
dataset\8\116.jpg,8
dataset\8\117.jpg,8
dataset\8\118.jpg,8
dataset\8\119.jpg,8
dataset\8\12.jpg,8
dataset\8\120.jpg,8
dataset\8\121.jpg,8
dataset\8\122.jpg,8
dataset\8\123.jpg,8
dataset\8\13.jpg,8
dataset\8\14.jpg,8
dataset\8\15.jpg,8
dataset\8\16.jpg,8
dataset\8\17.jpg,8
dataset\8\18.jpg,8
dataset\8\19.jpg,8
dataset\8\2.jpg,8
dataset\8\20.jpg,8
dataset\8\21.jpg,8
dataset\8\22.jpg,8
dataset\8\23.jpg,8
dataset\8\24.jpg,8
dataset\8\25.jpg,8
dataset\8\26.jpg,8
dataset\8\27.jpg,8
dataset\8\28.jpg,8
dataset\8\29.jpg,8
dataset\8\3.jpg,8
dataset\8\30.jpg,8
dataset\8\31.jpg,8
dataset\8\32.jpg,8
dataset\8\33.jpg,8
dataset\8\34.jpg,8
dataset\8\35.jpg,8
dataset\8\36.jpg,8
dataset\8\37.jpg,8
dataset\8\38.jpg,8
dataset\8\39.jpg,8
dataset\8\4.jpg,8
dataset\8\40.jpg,8
dataset\8\41.jpg,8
dataset\8\42.jpg,8
dataset\8\43.jpg,8
dataset\8\44.jpg,8
dataset\8\45.jpg,8
dataset\8\46.jpg,8
dataset\8\47.jpg,8
dataset\8\48.jpg,8
dataset\8\49.jpg,8
dataset\8\5.jpg,8
dataset\8\50.jpg,8
dataset\8\51.jpg,8
dataset\8\52.jpg,8
dataset\8\53.jpg,8
dataset\8\54.jpg,8
dataset\8\55.jpg,8
dataset\8\56.jpg,8
dataset\8\57.jpg,8
dataset\8\58.jpg,8
dataset\8\59.jpg,8
dataset\8\6.jpg,8
dataset\8\60.jpg,8
dataset\8\61.jpg,8
dataset\8\62.jpg,8
dataset\8\63.jpg,8
dataset\8\64.jpg,8
dataset\8\65.jpg,8
dataset\8\66.jpg,8
dataset\8\67.jpg,8
dataset\8\68.jpg,8
dataset\8\69.jpg,8
dataset\8\7.jpg,8
dataset\8\70.jpg,8
dataset\8\71.jpg,8
dataset\8\72.jpg,8
dataset\8\73.jpg,8
dataset\8\74.jpg,8
dataset\8\75.jpg,8
dataset\8\76.jpg,8
dataset\8\77.jpg,8
dataset\8\78.jpg,8
dataset\8\79.jpg,8
dataset\8\8.jpg,8
dataset\8\80.jpg,8
dataset\8\81.jpg,8
dataset\8\82.jpg,8
dataset\8\83.jpg,8
dataset\8\84.jpg,8
dataset\8\85.jpg,8
dataset\8\86.jpg,8
dataset\8\87.jpg,8
dataset\8\88.jpg,8
dataset\8\89.jpg,8
dataset\8\9.jpg,8
dataset\8\90.jpg,8
dataset\8\91.jpg,8
dataset\8\92.jpg,8
dataset\8\93.jpg,8
dataset\8\94.jpg,8
dataset\8\95.jpg,8
dataset\8\96.jpg,8
dataset\8\97.jpg,8
dataset\8\98.jpg,8
dataset\8\99.jpg,8
dataset\9\1.jpg,9
dataset\9\10.jpg,9
dataset\9\100.jpg,9
dataset\9\101.jpg,9
dataset\9\102.jpg,9
dataset\9\103.jpg,9
dataset\9\104.jpg,9
dataset\9\105.jpg,9
dataset\9\106.jpg,9
dataset\9\107.jpg,9
dataset\9\108.jpg,9
dataset\9\109.jpg,9
dataset\9\11.jpg,9
dataset\9\110.jpg,9
dataset\9\111.jpg,9
dataset\9\112.jpg,9
dataset\9\113.jpg,9
dataset\9\114.jpg,9
dataset\9\115.jpg,9
dataset\9\116.jpg,9
dataset\9\117.jpg,9
dataset\9\118.jpg,9
dataset\9\119.jpg,9
dataset\9\12.jpg,9
dataset\9\120.jpg,9
dataset\9\121.jpg,9
dataset\9\122.jpg,9
dataset\9\123.jpg,9
dataset\9\124.jpg,9
dataset\9\125.jpg,9
dataset\9\126.jpg,9
dataset\9\127.jpg,9
dataset\9\128.jpg,9
dataset\9\129.jpg,9
dataset\9\13.jpg,9
dataset\9\130.jpg,9
dataset\9\131.jpg,9
dataset\9\132.jpg,9
dataset\9\133.jpg,9
dataset\9\134.jpg,9
dataset\9\135.jpg,9
dataset\9\136.jpg,9
dataset\9\137.jpg,9
dataset\9\14.jpg,9
dataset\9\15.jpg,9
dataset\9\16.jpg,9
dataset\9\17.jpg,9
dataset\9\18.jpg,9
dataset\9\19.jpg,9
dataset\9\2.jpg,9
dataset\9\20.jpg,9
dataset\9\21.jpg,9
dataset\9\22.jpg,9
dataset\9\23.jpg,9
dataset\9\24.jpg,9
dataset\9\25.jpg,9
dataset\9\26.jpg,9
dataset\9\27.jpg,9
dataset\9\28.jpg,9
dataset\9\29.jpg,9
dataset\9\3.jpg,9
dataset\9\30.jpg,9
dataset\9\31.jpg,9
dataset\9\32.jpg,9
dataset\9\33.jpg,9
dataset\9\34.jpg,9
dataset\9\35.jpg,9
dataset\9\36.jpg,9
dataset\9\37.jpg,9
dataset\9\38.jpg,9
dataset\9\39.jpg,9
dataset\9\4.jpg,9
dataset\9\40.jpg,9
dataset\9\41.jpg,9
dataset\9\42.jpg,9
dataset\9\43.jpg,9
dataset\9\44.jpg,9
dataset\9\45.jpg,9
dataset\9\46.jpg,9
dataset\9\47.jpg,9
dataset\9\48.jpg,9
dataset\9\49.jpg,9
dataset\9\5.jpg,9
dataset\9\50.jpg,9
dataset\9\51.jpg,9
dataset\9\52.jpg,9
dataset\9\53.jpg,9
dataset\9\54.jpg,9
dataset\9\55.jpg,9
dataset\9\56.jpg,9
dataset\9\57.jpg,9
dataset\9\58.jpg,9
dataset\9\59.jpg,9
dataset\9\6.jpg,9
dataset\9\60.jpg,9
dataset\9\61.jpg,9
dataset\9\62.jpg,9
dataset\9\63.jpg,9
dataset\9\64.jpg,9
dataset\9\65.jpg,9
dataset\9\66.jpg,9
dataset\9\67.jpg,9
dataset\9\68.jpg,9
dataset\9\69.jpg,9
dataset\9\7.jpg,9
dataset\9\70.jpg,9
dataset\9\71.jpg,9
dataset\9\72.jpg,9
dataset\9\73.jpg,9
dataset\9\74.jpg,9
dataset\9\75.jpg,9
dataset\9\76.jpg,9
dataset\9\77.jpg,9
dataset\9\78.jpg,9
dataset\9\79.jpg,9
dataset\9\8.jpg,9
dataset\9\80.jpg,9
dataset\9\81.jpg,9
dataset\9\82.jpg,9
dataset\9\83.jpg,9
dataset\9\84.jpg,9
dataset\9\85.jpg,9
dataset\9\86.jpg,9
dataset\9\87.jpg,9
dataset\9\88.jpg,9
dataset\9\89.jpg,9
dataset\9\9.jpg,9
dataset\9\90.jpg,9
dataset\9\91.jpg,9
dataset\9\92.jpg,9
dataset\9\93.jpg,9
dataset\9\94.jpg,9
dataset\9\95.jpg,9
dataset\9\96.jpg,9
dataset\9\97.jpg,9
dataset\9\98.jpg,9
dataset\9\99.jpg,9
dataset\empty\1.jpg,empty
dataset\empty\10.jpg,empty
dataset\empty\100.jpg,empty
dataset\empty\1000.jpg,empty
dataset\empty\1001.jpg,empty
dataset\empty\1002.jpg,empty
dataset\empty\1003.jpg,empty
dataset\empty\1004.jpg,empty
dataset\empty\1005.jpg,empty
dataset\empty\1006.jpg,empty
dataset\empty\1007.jpg,empty
dataset\empty\1008.jpg,empty
dataset\empty\1009.jpg,empty
dataset\empty\101.jpg,empty
dataset\empty\1010.jpg,empty
dataset\empty\1011.jpg,empty
dataset\empty\1012.jpg,empty
dataset\empty\1013.jpg,empty
dataset\empty\1014.jpg,empty
dataset\empty\1015.jpg,empty
dataset\empty\1016.jpg,empty
dataset\empty\1017.jpg,empty
dataset\empty\1018.jpg,empty
dataset\empty\1019.jpg,empty
dataset\empty\102.jpg,empty
dataset\empty\1020.jpg,empty
dataset\empty\1021.jpg,empty
dataset\empty\1022.jpg,empty
dataset\empty\1023.jpg,empty
dataset\empty\1024.jpg,empty
dataset\empty\1025.jpg,empty
dataset\empty\1026.jpg,empty
dataset\empty\1027.jpg,empty
dataset\empty\1028.jpg,empty
dataset\empty\1029.jpg,empty
dataset\empty\103.jpg,empty
dataset\empty\1030.jpg,empty
dataset\empty\1031.jpg,empty
dataset\empty\1032.jpg,empty
dataset\empty\1033.jpg,empty
dataset\empty\1034.jpg,empty
dataset\empty\1035.jpg,empty
dataset\empty\1036.jpg,empty
dataset\empty\1037.jpg,empty
dataset\empty\1038.jpg,empty
dataset\empty\1039.jpg,empty
dataset\empty\104.jpg,empty
dataset\empty\1040.jpg,empty
dataset\empty\1041.jpg,empty
dataset\empty\1042.jpg,empty
dataset\empty\1043.jpg,empty
dataset\empty\1044.jpg,empty
dataset\empty\1045.jpg,empty
dataset\empty\1046.jpg,empty
dataset\empty\1047.jpg,empty
dataset\empty\1048.jpg,empty
dataset\empty\1049.jpg,empty
dataset\empty\105.jpg,empty
dataset\empty\1050.jpg,empty
dataset\empty\1051.jpg,empty
dataset\empty\1052.jpg,empty
dataset\empty\1053.jpg,empty
dataset\empty\1054.jpg,empty
dataset\empty\1055.jpg,empty
dataset\empty\1056.jpg,empty
dataset\empty\1057.jpg,empty
dataset\empty\1058.jpg,empty
dataset\empty\1059.jpg,empty
dataset\empty\106.jpg,empty
dataset\empty\1060.jpg,empty
dataset\empty\1061.jpg,empty
dataset\empty\1062.jpg,empty
dataset\empty\1063.jpg,empty
dataset\empty\1064.jpg,empty
dataset\empty\1065.jpg,empty
dataset\empty\1066.jpg,empty
dataset\empty\1067.jpg,empty
dataset\empty\1068.jpg,empty
dataset\empty\1069.jpg,empty
dataset\empty\107.jpg,empty
dataset\empty\1070.jpg,empty
dataset\empty\1071.jpg,empty
dataset\empty\1072.jpg,empty
dataset\empty\1073.jpg,empty
dataset\empty\1074.jpg,empty
dataset\empty\1075.jpg,empty
dataset\empty\1076.jpg,empty
dataset\empty\1077.jpg,empty
dataset\empty\1078.jpg,empty
dataset\empty\1079.jpg,empty
dataset\empty\108.jpg,empty
dataset\empty\1080.jpg,empty
dataset\empty\1081.jpg,empty
dataset\empty\1082.jpg,empty
dataset\empty\1083.jpg,empty
dataset\empty\1084.jpg,empty
dataset\empty\1085.jpg,empty
dataset\empty\1086.jpg,empty
dataset\empty\1087.jpg,empty
dataset\empty\1088.jpg,empty
dataset\empty\1089.jpg,empty
dataset\empty\109.jpg,empty
dataset\empty\1090.jpg,empty
dataset\empty\1091.jpg,empty
dataset\empty\1092.jpg,empty
dataset\empty\1093.jpg,empty
dataset\empty\1094.jpg,empty
dataset\empty\1095.jpg,empty
dataset\empty\1096.jpg,empty
dataset\empty\1097.jpg,empty
dataset\empty\1098.jpg,empty
dataset\empty\1099.jpg,empty
dataset\empty\11.jpg,empty
dataset\empty\110.jpg,empty
dataset\empty\1100.jpg,empty
dataset\empty\1101.jpg,empty
dataset\empty\1102.jpg,empty
dataset\empty\1103.jpg,empty
dataset\empty\1104.jpg,empty
dataset\empty\1105.jpg,empty
dataset\empty\1106.jpg,empty
dataset\empty\1107.jpg,empty
dataset\empty\1108.jpg,empty
dataset\empty\1109.jpg,empty
dataset\empty\111.jpg,empty
dataset\empty\1110.jpg,empty
dataset\empty\1111.jpg,empty
dataset\empty\1112.jpg,empty
dataset\empty\1113.jpg,empty
dataset\empty\1114.jpg,empty
dataset\empty\1115.jpg,empty
dataset\empty\1116.jpg,empty
dataset\empty\1117.jpg,empty
dataset\empty\1118.jpg,empty
dataset\empty\1119.jpg,empty
dataset\empty\112.jpg,empty
dataset\empty\1120.jpg,empty
dataset\empty\1121.jpg,empty
dataset\empty\1122.jpg,empty
dataset\empty\1123.jpg,empty
dataset\empty\1124.jpg,empty
dataset\empty\1125.jpg,empty
dataset\empty\1126.jpg,empty
dataset\empty\1127.jpg,empty
dataset\empty\1128.jpg,empty
dataset\empty\1129.jpg,empty
dataset\empty\113.jpg,empty
dataset\empty\1130.jpg,empty
dataset\empty\1131.jpg,empty
dataset\empty\1132.jpg,empty
dataset\empty\1133.jpg,empty
dataset\empty\1134.jpg,empty
dataset\empty\1135.jpg,empty
dataset\empty\1136.jpg,empty
dataset\empty\1137.jpg,empty
dataset\empty\1138.jpg,empty
dataset\empty\1139.jpg,empty
dataset\empty\114.jpg,empty
dataset\empty\1140.jpg,empty
dataset\empty\1141.jpg,empty
dataset\empty\1142.jpg,empty
dataset\empty\1143.jpg,empty
dataset\empty\1144.jpg,empty
dataset\empty\1145.jpg,empty
dataset\empty\1146.jpg,empty
dataset\empty\1147.jpg,empty
dataset\empty\1148.jpg,empty
dataset\empty\1149.jpg,empty
dataset\empty\115.jpg,empty
dataset\empty\1150.jpg,empty
dataset\empty\1151.jpg,empty
dataset\empty\1152.jpg,empty
dataset\empty\1153.jpg,empty
dataset\empty\1154.jpg,empty
dataset\empty\1155.jpg,empty
dataset\empty\1156.jpg,empty
dataset\empty\1157.jpg,empty
dataset\empty\1158.jpg,empty
dataset\empty\1159.jpg,empty
dataset\empty\116.jpg,empty
dataset\empty\1160.jpg,empty
dataset\empty\1161.jpg,empty
dataset\empty\1162.jpg,empty
dataset\empty\1163.jpg,empty
dataset\empty\1164.jpg,empty
dataset\empty\1165.jpg,empty
dataset\empty\1166.jpg,empty
dataset\empty\1167.jpg,empty
dataset\empty\1168.jpg,empty
dataset\empty\1169.jpg,empty
dataset\empty\117.jpg,empty
dataset\empty\1170.jpg,empty
dataset\empty\1171.jpg,empty
dataset\empty\1172.jpg,empty
dataset\empty\1173.jpg,empty
dataset\empty\1174.jpg,empty
dataset\empty\1175.jpg,empty
dataset\empty\1176.jpg,empty
dataset\empty\1177.jpg,empty
dataset\empty\1178.jpg,empty
dataset\empty\1179.jpg,empty
dataset\empty\118.jpg,empty
dataset\empty\1180.jpg,empty
dataset\empty\1181.jpg,empty
dataset\empty\1182.jpg,empty
dataset\empty\1183.jpg,empty
dataset\empty\1184.jpg,empty
dataset\empty\1185.jpg,empty
dataset\empty\1186.jpg,empty
dataset\empty\1187.jpg,empty
dataset\empty\1188.jpg,empty
dataset\empty\1189.jpg,empty
dataset\empty\119.jpg,empty
dataset\empty\1190.jpg,empty
dataset\empty\1191.jpg,empty
dataset\empty\1192.jpg,empty
dataset\empty\1193.jpg,empty
dataset\empty\1194.jpg,empty
dataset\empty\1195.jpg,empty
dataset\empty\1196.jpg,empty
dataset\empty\1197.jpg,empty
dataset\empty\1198.jpg,empty
dataset\empty\1199.jpg,empty
dataset\empty\12.jpg,empty
dataset\empty\120.jpg,empty
dataset\empty\1200.jpg,empty
dataset\empty\1201.jpg,empty
dataset\empty\1202.jpg,empty
dataset\empty\1203.jpg,empty
dataset\empty\1204.jpg,empty
dataset\empty\1205.jpg,empty
dataset\empty\1206.jpg,empty
dataset\empty\1207.jpg,empty
dataset\empty\1208.jpg,empty
dataset\empty\1209.jpg,empty
dataset\empty\121.jpg,empty
dataset\empty\1210.jpg,empty
dataset\empty\1211.jpg,empty
dataset\empty\1212.jpg,empty
dataset\empty\1213.jpg,empty
dataset\empty\1214.jpg,empty
dataset\empty\1215.jpg,empty
dataset\empty\1216.jpg,empty
dataset\empty\1217.jpg,empty
dataset\empty\1218.jpg,empty
dataset\empty\1219.jpg,empty
dataset\empty\122.jpg,empty
dataset\empty\1220.jpg,empty
dataset\empty\1221.jpg,empty
dataset\empty\1222.jpg,empty
dataset\empty\1223.jpg,empty
dataset\empty\1224.jpg,empty
dataset\empty\1225.jpg,empty
dataset\empty\1226.jpg,empty
dataset\empty\1227.jpg,empty
dataset\empty\1228.jpg,empty
dataset\empty\1229.jpg,empty
dataset\empty\123.jpg,empty
dataset\empty\1230.jpg,empty
dataset\empty\1231.jpg,empty
dataset\empty\1232.jpg,empty
dataset\empty\1233.jpg,empty
dataset\empty\1234.jpg,empty
dataset\empty\1235.jpg,empty
dataset\empty\1236.jpg,empty
dataset\empty\1237.jpg,empty
dataset\empty\1238.jpg,empty
dataset\empty\1239.jpg,empty
dataset\empty\124.jpg,empty
dataset\empty\1240.jpg,empty
dataset\empty\1241.jpg,empty
dataset\empty\1242.jpg,empty
dataset\empty\1243.jpg,empty
dataset\empty\1244.jpg,empty
dataset\empty\1245.jpg,empty
dataset\empty\1246.jpg,empty
dataset\empty\1247.jpg,empty
dataset\empty\1248.jpg,empty
dataset\empty\1249.jpg,empty
dataset\empty\125.jpg,empty
dataset\empty\1250.jpg,empty
dataset\empty\1251.jpg,empty
dataset\empty\1252.jpg,empty
dataset\empty\1253.jpg,empty
dataset\empty\1254.jpg,empty
dataset\empty\1255.jpg,empty
dataset\empty\1256.jpg,empty
dataset\empty\1257.jpg,empty
dataset\empty\1258.jpg,empty
dataset\empty\1259.jpg,empty
dataset\empty\126.jpg,empty
dataset\empty\1260.jpg,empty
dataset\empty\1261.jpg,empty
dataset\empty\1262.jpg,empty
dataset\empty\1263.jpg,empty
dataset\empty\1264.jpg,empty
dataset\empty\1265.jpg,empty
dataset\empty\1266.jpg,empty
dataset\empty\1267.jpg,empty
dataset\empty\1268.jpg,empty
dataset\empty\1269.jpg,empty
dataset\empty\127.jpg,empty
dataset\empty\1270.jpg,empty
dataset\empty\1271.jpg,empty
dataset\empty\1272.jpg,empty
dataset\empty\1273.jpg,empty
dataset\empty\1274.jpg,empty
dataset\empty\1275.jpg,empty
dataset\empty\1276.jpg,empty
dataset\empty\1277.jpg,empty
dataset\empty\1278.jpg,empty
dataset\empty\1279.jpg,empty
dataset\empty\128.jpg,empty
dataset\empty\1280.jpg,empty
dataset\empty\1281.jpg,empty
dataset\empty\1282.jpg,empty
dataset\empty\1283.jpg,empty
dataset\empty\1284.jpg,empty
dataset\empty\1285.jpg,empty
dataset\empty\1286.jpg,empty
dataset\empty\1287.jpg,empty
dataset\empty\1288.jpg,empty
dataset\empty\1289.jpg,empty
dataset\empty\129.jpg,empty
dataset\empty\1290.jpg,empty
dataset\empty\13.jpg,empty
dataset\empty\130.jpg,empty
dataset\empty\131.jpg,empty
dataset\empty\132.jpg,empty
dataset\empty\133.jpg,empty
dataset\empty\134.jpg,empty
dataset\empty\135.jpg,empty
dataset\empty\136.jpg,empty
dataset\empty\137.jpg,empty
dataset\empty\138.jpg,empty
dataset\empty\139.jpg,empty
dataset\empty\14.jpg,empty
dataset\empty\140.jpg,empty
dataset\empty\141.jpg,empty
dataset\empty\142.jpg,empty
dataset\empty\143.jpg,empty
dataset\empty\144.jpg,empty
dataset\empty\145.jpg,empty
dataset\empty\146.jpg,empty
dataset\empty\147.jpg,empty
dataset\empty\148.jpg,empty
dataset\empty\149.jpg,empty
dataset\empty\15.jpg,empty
dataset\empty\150.jpg,empty
dataset\empty\151.jpg,empty
dataset\empty\152.jpg,empty
dataset\empty\153.jpg,empty
dataset\empty\154.jpg,empty
dataset\empty\155.jpg,empty
dataset\empty\156.jpg,empty
dataset\empty\157.jpg,empty
dataset\empty\158.jpg,empty
dataset\empty\159.jpg,empty
dataset\empty\16.jpg,empty
dataset\empty\160.jpg,empty
dataset\empty\161.jpg,empty
dataset\empty\162.jpg,empty
dataset\empty\163.jpg,empty
dataset\empty\164.jpg,empty
dataset\empty\165.jpg,empty
dataset\empty\166.jpg,empty
dataset\empty\167.jpg,empty
dataset\empty\168.jpg,empty
dataset\empty\169.jpg,empty
dataset\empty\17.jpg,empty
dataset\empty\170.jpg,empty
dataset\empty\171.jpg,empty
dataset\empty\172.jpg,empty
dataset\empty\173.jpg,empty
dataset\empty\174.jpg,empty
dataset\empty\175.jpg,empty
dataset\empty\176.jpg,empty
dataset\empty\177.jpg,empty
dataset\empty\178.jpg,empty
dataset\empty\179.jpg,empty
dataset\empty\18.jpg,empty
dataset\empty\180.jpg,empty
dataset\empty\181.jpg,empty
dataset\empty\182.jpg,empty
dataset\empty\183.jpg,empty
dataset\empty\184.jpg,empty
dataset\empty\185.jpg,empty
dataset\empty\186.jpg,empty
dataset\empty\187.jpg,empty
dataset\empty\188.jpg,empty
dataset\empty\189.jpg,empty
dataset\empty\19.jpg,empty
dataset\empty\190.jpg,empty
dataset\empty\191.jpg,empty
dataset\empty\192.jpg,empty
dataset\empty\193.jpg,empty
dataset\empty\194.jpg,empty
dataset\empty\195.jpg,empty
dataset\empty\196.jpg,empty
dataset\empty\197.jpg,empty
dataset\empty\198.jpg,empty
dataset\empty\199.jpg,empty
dataset\empty\2.jpg,empty
dataset\empty\20.jpg,empty
dataset\empty\200.jpg,empty
dataset\empty\201.jpg,empty
dataset\empty\202.jpg,empty
dataset\empty\203.jpg,empty
dataset\empty\204.jpg,empty
dataset\empty\205.jpg,empty
dataset\empty\206.jpg,empty
dataset\empty\207.jpg,empty
dataset\empty\208.jpg,empty
dataset\empty\209.jpg,empty
dataset\empty\21.jpg,empty
dataset\empty\210.jpg,empty
dataset\empty\211.jpg,empty
dataset\empty\212.jpg,empty
dataset\empty\213.jpg,empty
dataset\empty\214.jpg,empty
dataset\empty\215.jpg,empty
dataset\empty\216.jpg,empty
dataset\empty\217.jpg,empty
dataset\empty\218.jpg,empty
dataset\empty\219.jpg,empty
dataset\empty\22.jpg,empty
dataset\empty\220.jpg,empty
dataset\empty\221.jpg,empty
dataset\empty\222.jpg,empty
dataset\empty\223.jpg,empty
dataset\empty\224.jpg,empty
dataset\empty\225.jpg,empty
dataset\empty\226.jpg,empty
dataset\empty\227.jpg,empty
dataset\empty\228.jpg,empty
dataset\empty\229.jpg,empty
dataset\empty\23.jpg,empty
dataset\empty\230.jpg,empty
dataset\empty\231.jpg,empty
dataset\empty\232.jpg,empty
dataset\empty\233.jpg,empty
dataset\empty\234.jpg,empty
dataset\empty\235.jpg,empty
dataset\empty\236.jpg,empty
dataset\empty\237.jpg,empty
dataset\empty\238.jpg,empty
dataset\empty\239.jpg,empty
dataset\empty\24.jpg,empty
dataset\empty\240.jpg,empty
dataset\empty\241.jpg,empty
dataset\empty\242.jpg,empty
dataset\empty\243.jpg,empty
dataset\empty\244.jpg,empty
dataset\empty\245.jpg,empty
dataset\empty\246.jpg,empty
dataset\empty\247.jpg,empty
dataset\empty\248.jpg,empty
dataset\empty\249.jpg,empty
dataset\empty\25.jpg,empty
dataset\empty\250.jpg,empty
dataset\empty\251.jpg,empty
dataset\empty\252.jpg,empty
dataset\empty\253.jpg,empty
dataset\empty\254.jpg,empty
dataset\empty\255.jpg,empty
dataset\empty\256.jpg,empty
dataset\empty\257.jpg,empty
dataset\empty\258.jpg,empty
dataset\empty\259.jpg,empty
dataset\empty\26.jpg,empty
dataset\empty\260.jpg,empty
dataset\empty\261.jpg,empty
dataset\empty\262.jpg,empty
dataset\empty\263.jpg,empty
dataset\empty\264.jpg,empty
dataset\empty\265.jpg,empty
dataset\empty\266.jpg,empty
dataset\empty\267.jpg,empty
dataset\empty\268.jpg,empty
dataset\empty\269.jpg,empty
dataset\empty\27.jpg,empty
dataset\empty\270.jpg,empty
dataset\empty\271.jpg,empty
dataset\empty\272.jpg,empty
dataset\empty\273.jpg,empty
dataset\empty\274.jpg,empty
dataset\empty\275.jpg,empty
dataset\empty\276.jpg,empty
dataset\empty\277.jpg,empty
dataset\empty\278.jpg,empty
dataset\empty\279.jpg,empty
dataset\empty\28.jpg,empty
dataset\empty\280.jpg,empty
dataset\empty\281.jpg,empty
dataset\empty\282.jpg,empty
dataset\empty\283.jpg,empty
dataset\empty\284.jpg,empty
dataset\empty\285.jpg,empty
dataset\empty\286.jpg,empty
dataset\empty\287.jpg,empty
dataset\empty\288.jpg,empty
dataset\empty\289.jpg,empty
dataset\empty\29.jpg,empty
dataset\empty\290.jpg,empty
dataset\empty\291.jpg,empty
dataset\empty\292.jpg,empty
dataset\empty\293.jpg,empty
dataset\empty\294.jpg,empty
dataset\empty\295.jpg,empty
dataset\empty\296.jpg,empty
dataset\empty\297.jpg,empty
dataset\empty\298.jpg,empty
dataset\empty\299.jpg,empty
dataset\empty\3.jpg,empty
dataset\empty\30.jpg,empty
dataset\empty\300.jpg,empty
dataset\empty\301.jpg,empty
dataset\empty\302.jpg,empty
dataset\empty\303.jpg,empty
dataset\empty\304.jpg,empty
dataset\empty\305.jpg,empty
dataset\empty\306.jpg,empty
dataset\empty\307.jpg,empty
dataset\empty\308.jpg,empty
dataset\empty\309.jpg,empty
dataset\empty\31.jpg,empty
dataset\empty\310.jpg,empty
dataset\empty\311.jpg,empty
dataset\empty\312.jpg,empty
dataset\empty\313.jpg,empty
dataset\empty\314.jpg,empty
dataset\empty\315.jpg,empty
dataset\empty\316.jpg,empty
dataset\empty\317.jpg,empty
dataset\empty\318.jpg,empty
dataset\empty\319.jpg,empty
dataset\empty\32.jpg,empty
dataset\empty\320.jpg,empty
dataset\empty\321.jpg,empty
dataset\empty\322.jpg,empty
dataset\empty\323.jpg,empty
dataset\empty\324.jpg,empty
dataset\empty\325.jpg,empty
dataset\empty\326.jpg,empty
dataset\empty\327.jpg,empty
dataset\empty\328.jpg,empty
dataset\empty\329.jpg,empty
dataset\empty\33.jpg,empty
dataset\empty\330.jpg,empty
dataset\empty\331.jpg,empty
dataset\empty\332.jpg,empty
dataset\empty\333.jpg,empty
dataset\empty\334.jpg,empty
dataset\empty\335.jpg,empty
dataset\empty\336.jpg,empty
dataset\empty\337.jpg,empty
dataset\empty\338.jpg,empty
dataset\empty\339.jpg,empty
dataset\empty\34.jpg,empty
dataset\empty\340.jpg,empty
dataset\empty\341.jpg,empty
dataset\empty\342.jpg,empty
dataset\empty\343.jpg,empty
dataset\empty\344.jpg,empty
dataset\empty\345.jpg,empty
dataset\empty\346.jpg,empty
dataset\empty\347.jpg,empty
dataset\empty\348.jpg,empty
dataset\empty\349.jpg,empty
dataset\empty\35.jpg,empty
dataset\empty\350.jpg,empty
dataset\empty\351.jpg,empty
dataset\empty\352.jpg,empty
dataset\empty\353.jpg,empty
dataset\empty\354.jpg,empty
dataset\empty\355.jpg,empty
dataset\empty\356.jpg,empty
dataset\empty\357.jpg,empty
dataset\empty\358.jpg,empty
dataset\empty\359.jpg,empty
dataset\empty\36.jpg,empty
dataset\empty\360.jpg,empty
dataset\empty\361.jpg,empty
dataset\empty\362.jpg,empty
dataset\empty\363.jpg,empty
dataset\empty\364.jpg,empty
dataset\empty\365.jpg,empty
dataset\empty\366.jpg,empty
dataset\empty\367.jpg,empty
dataset\empty\368.jpg,empty
dataset\empty\369.jpg,empty
dataset\empty\37.jpg,empty
dataset\empty\370.jpg,empty
dataset\empty\371.jpg,empty
dataset\empty\372.jpg,empty
dataset\empty\373.jpg,empty
dataset\empty\374.jpg,empty
dataset\empty\375.jpg,empty
dataset\empty\376.jpg,empty
dataset\empty\377.jpg,empty
dataset\empty\378.jpg,empty
dataset\empty\379.jpg,empty
dataset\empty\38.jpg,empty
dataset\empty\380.jpg,empty
dataset\empty\381.jpg,empty
dataset\empty\382.jpg,empty
dataset\empty\383.jpg,empty
dataset\empty\384.jpg,empty
dataset\empty\385.jpg,empty
dataset\empty\386.jpg,empty
dataset\empty\387.jpg,empty
dataset\empty\388.jpg,empty
dataset\empty\389.jpg,empty
dataset\empty\39.jpg,empty
dataset\empty\390.jpg,empty
dataset\empty\391.jpg,empty
dataset\empty\392.jpg,empty
dataset\empty\393.jpg,empty
dataset\empty\394.jpg,empty
dataset\empty\395.jpg,empty
dataset\empty\396.jpg,empty
dataset\empty\397.jpg,empty
dataset\empty\398.jpg,empty
dataset\empty\399.jpg,empty
dataset\empty\4.jpg,empty
dataset\empty\40.jpg,empty
dataset\empty\400.jpg,empty
dataset\empty\401.jpg,empty
dataset\empty\402.jpg,empty
dataset\empty\403.jpg,empty
dataset\empty\404.jpg,empty
dataset\empty\405.jpg,empty
dataset\empty\406.jpg,empty
dataset\empty\407.jpg,empty
dataset\empty\408.jpg,empty
dataset\empty\409.jpg,empty
dataset\empty\41.jpg,empty
dataset\empty\410.jpg,empty
dataset\empty\411.jpg,empty
dataset\empty\412.jpg,empty
dataset\empty\413.jpg,empty
dataset\empty\414.jpg,empty
dataset\empty\415.jpg,empty
dataset\empty\416.jpg,empty
dataset\empty\417.jpg,empty
dataset\empty\418.jpg,empty
dataset\empty\419.jpg,empty
dataset\empty\42.jpg,empty
dataset\empty\420.jpg,empty
dataset\empty\421.jpg,empty
dataset\empty\422.jpg,empty
dataset\empty\423.jpg,empty
dataset\empty\424.jpg,empty
dataset\empty\425.jpg,empty
dataset\empty\426.jpg,empty
dataset\empty\427.jpg,empty
dataset\empty\428.jpg,empty
dataset\empty\429.jpg,empty
dataset\empty\43.jpg,empty
dataset\empty\430.jpg,empty
dataset\empty\431.jpg,empty
dataset\empty\432.jpg,empty
dataset\empty\433.jpg,empty
dataset\empty\434.jpg,empty
dataset\empty\435.jpg,empty
dataset\empty\436.jpg,empty
dataset\empty\437.jpg,empty
dataset\empty\438.jpg,empty
dataset\empty\439.jpg,empty
dataset\empty\44.jpg,empty
dataset\empty\440.jpg,empty
dataset\empty\441.jpg,empty
dataset\empty\442.jpg,empty
dataset\empty\443.jpg,empty
dataset\empty\444.jpg,empty
dataset\empty\445.jpg,empty
dataset\empty\446.jpg,empty
dataset\empty\447.jpg,empty
dataset\empty\448.jpg,empty
dataset\empty\449.jpg,empty
dataset\empty\45.jpg,empty
dataset\empty\450.jpg,empty
dataset\empty\451.jpg,empty
dataset\empty\452.jpg,empty
dataset\empty\453.jpg,empty
dataset\empty\454.jpg,empty
dataset\empty\455.jpg,empty
dataset\empty\456.jpg,empty
dataset\empty\457.jpg,empty
dataset\empty\458.jpg,empty
dataset\empty\459.jpg,empty
dataset\empty\46.jpg,empty
dataset\empty\460.jpg,empty
dataset\empty\461.jpg,empty
dataset\empty\462.jpg,empty
dataset\empty\463.jpg,empty
dataset\empty\464.jpg,empty
dataset\empty\465.jpg,empty
dataset\empty\466.jpg,empty
dataset\empty\467.jpg,empty
dataset\empty\468.jpg,empty
dataset\empty\469.jpg,empty
dataset\empty\47.jpg,empty
dataset\empty\470.jpg,empty
dataset\empty\471.jpg,empty
dataset\empty\472.jpg,empty
dataset\empty\473.jpg,empty
dataset\empty\474.jpg,empty
dataset\empty\475.jpg,empty
dataset\empty\476.jpg,empty
dataset\empty\477.jpg,empty
dataset\empty\478.jpg,empty
dataset\empty\479.jpg,empty
dataset\empty\48.jpg,empty
dataset\empty\480.jpg,empty
dataset\empty\481.jpg,empty
dataset\empty\482.jpg,empty
dataset\empty\483.jpg,empty
dataset\empty\484.jpg,empty
dataset\empty\485.jpg,empty
dataset\empty\486.jpg,empty
dataset\empty\487.jpg,empty
dataset\empty\488.jpg,empty
dataset\empty\489.jpg,empty
dataset\empty\49.jpg,empty
dataset\empty\490.jpg,empty
dataset\empty\491.jpg,empty
dataset\empty\492.jpg,empty
dataset\empty\493.jpg,empty
dataset\empty\494.jpg,empty
dataset\empty\495.jpg,empty
dataset\empty\496.jpg,empty
dataset\empty\497.jpg,empty
dataset\empty\498.jpg,empty
dataset\empty\499.jpg,empty
dataset\empty\5.jpg,empty
dataset\empty\50.jpg,empty
dataset\empty\500.jpg,empty
dataset\empty\501.jpg,empty
dataset\empty\502.jpg,empty
dataset\empty\503.jpg,empty
dataset\empty\504.jpg,empty
dataset\empty\505.jpg,empty
dataset\empty\506.jpg,empty
dataset\empty\507.jpg,empty
dataset\empty\508.jpg,empty
dataset\empty\509.jpg,empty
dataset\empty\51.jpg,empty
dataset\empty\510.jpg,empty
dataset\empty\511.jpg,empty
dataset\empty\512.jpg,empty
dataset\empty\513.jpg,empty
dataset\empty\514.jpg,empty
dataset\empty\515.jpg,empty
dataset\empty\516.jpg,empty
dataset\empty\517.jpg,empty
dataset\empty\518.jpg,empty
dataset\empty\519.jpg,empty
dataset\empty\52.jpg,empty
dataset\empty\520.jpg,empty
dataset\empty\521.jpg,empty
dataset\empty\522.jpg,empty
dataset\empty\523.jpg,empty
dataset\empty\524.jpg,empty
dataset\empty\525.jpg,empty
dataset\empty\526.jpg,empty
dataset\empty\527.jpg,empty
dataset\empty\528.jpg,empty
dataset\empty\529.jpg,empty
dataset\empty\53.jpg,empty
dataset\empty\530.jpg,empty
dataset\empty\531.jpg,empty
dataset\empty\532.jpg,empty
dataset\empty\533.jpg,empty
dataset\empty\534.jpg,empty
dataset\empty\535.jpg,empty
dataset\empty\536.jpg,empty
dataset\empty\537.jpg,empty
dataset\empty\538.jpg,empty
dataset\empty\539.jpg,empty
dataset\empty\54.jpg,empty
dataset\empty\540.jpg,empty
dataset\empty\541.jpg,empty
dataset\empty\542.jpg,empty
dataset\empty\543.jpg,empty
dataset\empty\544.jpg,empty
dataset\empty\545.jpg,empty
dataset\empty\546.jpg,empty
dataset\empty\547.jpg,empty
dataset\empty\548.jpg,empty
dataset\empty\549.jpg,empty
dataset\empty\55.jpg,empty
dataset\empty\550.jpg,empty
dataset\empty\551.jpg,empty
dataset\empty\552.jpg,empty
dataset\empty\553.jpg,empty
dataset\empty\554.jpg,empty
dataset\empty\555.jpg,empty
dataset\empty\556.jpg,empty
dataset\empty\557.jpg,empty
dataset\empty\558.jpg,empty
dataset\empty\559.jpg,empty
dataset\empty\56.jpg,empty
dataset\empty\560.jpg,empty
dataset\empty\561.jpg,empty
dataset\empty\562.jpg,empty
dataset\empty\563.jpg,empty
dataset\empty\564.jpg,empty
dataset\empty\565.jpg,empty
dataset\empty\566.jpg,empty
dataset\empty\567.jpg,empty
dataset\empty\568.jpg,empty
dataset\empty\569.jpg,empty
dataset\empty\57.jpg,empty
dataset\empty\570.jpg,empty
dataset\empty\571.jpg,empty
dataset\empty\572.jpg,empty
dataset\empty\573.jpg,empty
dataset\empty\574.jpg,empty
dataset\empty\575.jpg,empty
dataset\empty\576.jpg,empty
dataset\empty\577.jpg,empty
dataset\empty\578.jpg,empty
dataset\empty\579.jpg,empty
dataset\empty\58.jpg,empty
dataset\empty\580.jpg,empty
dataset\empty\581.jpg,empty
dataset\empty\582.jpg,empty
dataset\empty\583.jpg,empty
dataset\empty\584.jpg,empty
dataset\empty\585.jpg,empty
dataset\empty\586.jpg,empty
dataset\empty\587.jpg,empty
dataset\empty\588.jpg,empty
dataset\empty\589.jpg,empty
dataset\empty\59.jpg,empty
dataset\empty\590.jpg,empty
dataset\empty\591.jpg,empty
dataset\empty\592.jpg,empty
dataset\empty\593.jpg,empty
dataset\empty\594.jpg,empty
dataset\empty\595.jpg,empty
dataset\empty\596.jpg,empty
dataset\empty\597.jpg,empty
dataset\empty\598.jpg,empty
dataset\empty\599.jpg,empty
dataset\empty\6.jpg,empty
dataset\empty\60.jpg,empty
dataset\empty\600.jpg,empty
dataset\empty\601.jpg,empty
dataset\empty\602.jpg,empty
dataset\empty\603.jpg,empty
dataset\empty\604.jpg,empty
dataset\empty\605.jpg,empty
dataset\empty\606.jpg,empty
dataset\empty\607.jpg,empty
dataset\empty\608.jpg,empty
dataset\empty\609.jpg,empty
dataset\empty\61.jpg,empty
dataset\empty\610.jpg,empty
dataset\empty\611.jpg,empty
dataset\empty\612.jpg,empty
dataset\empty\613.jpg,empty
dataset\empty\614.jpg,empty
dataset\empty\615.jpg,empty
dataset\empty\616.jpg,empty
dataset\empty\617.jpg,empty
dataset\empty\618.jpg,empty
dataset\empty\619.jpg,empty
dataset\empty\62.jpg,empty
dataset\empty\620.jpg,empty
dataset\empty\621.jpg,empty
dataset\empty\622.jpg,empty
dataset\empty\623.jpg,empty
dataset\empty\624.jpg,empty
dataset\empty\625.jpg,empty
dataset\empty\626.jpg,empty
dataset\empty\627.jpg,empty
dataset\empty\628.jpg,empty
dataset\empty\629.jpg,empty
dataset\empty\63.jpg,empty
dataset\empty\630.jpg,empty
dataset\empty\631.jpg,empty
dataset\empty\632.jpg,empty
dataset\empty\633.jpg,empty
dataset\empty\634.jpg,empty
dataset\empty\635.jpg,empty
dataset\empty\636.jpg,empty
dataset\empty\637.jpg,empty
dataset\empty\638.jpg,empty
dataset\empty\639.jpg,empty
dataset\empty\64.jpg,empty
dataset\empty\640.jpg,empty
dataset\empty\641.jpg,empty
dataset\empty\642.jpg,empty
dataset\empty\643.jpg,empty
dataset\empty\644.jpg,empty
dataset\empty\645.jpg,empty
dataset\empty\646.jpg,empty
dataset\empty\647.jpg,empty
dataset\empty\648.jpg,empty
dataset\empty\649.jpg,empty
dataset\empty\65.jpg,empty
dataset\empty\650.jpg,empty
dataset\empty\651.jpg,empty
dataset\empty\652.jpg,empty
dataset\empty\653.jpg,empty
dataset\empty\654.jpg,empty
dataset\empty\655.jpg,empty
dataset\empty\656.jpg,empty
dataset\empty\657.jpg,empty
dataset\empty\658.jpg,empty
dataset\empty\659.jpg,empty
dataset\empty\66.jpg,empty
dataset\empty\660.jpg,empty
dataset\empty\661.jpg,empty
dataset\empty\662.jpg,empty
dataset\empty\663.jpg,empty
dataset\empty\664.jpg,empty
dataset\empty\665.jpg,empty
dataset\empty\666.jpg,empty
dataset\empty\667.jpg,empty
dataset\empty\668.jpg,empty
dataset\empty\669.jpg,empty
dataset\empty\67.jpg,empty
dataset\empty\670.jpg,empty
dataset\empty\671.jpg,empty
dataset\empty\672.jpg,empty
dataset\empty\673.jpg,empty
dataset\empty\674.jpg,empty
dataset\empty\675.jpg,empty
dataset\empty\676.jpg,empty
dataset\empty\677.jpg,empty
dataset\empty\678.jpg,empty
dataset\empty\679.jpg,empty
dataset\empty\68.jpg,empty
dataset\empty\680.jpg,empty
dataset\empty\681.jpg,empty
dataset\empty\682.jpg,empty
dataset\empty\683.jpg,empty
dataset\empty\684.jpg,empty
dataset\empty\685.jpg,empty
dataset\empty\686.jpg,empty
dataset\empty\687.jpg,empty
dataset\empty\688.jpg,empty
dataset\empty\689.jpg,empty
dataset\empty\69.jpg,empty
dataset\empty\690.jpg,empty
dataset\empty\691.jpg,empty
dataset\empty\692.jpg,empty
dataset\empty\693.jpg,empty
dataset\empty\694.jpg,empty
dataset\empty\695.jpg,empty
dataset\empty\696.jpg,empty
dataset\empty\697.jpg,empty
dataset\empty\698.jpg,empty
dataset\empty\699.jpg,empty
dataset\empty\7.jpg,empty
dataset\empty\70.jpg,empty
dataset\empty\700.jpg,empty
dataset\empty\701.jpg,empty
dataset\empty\702.jpg,empty
dataset\empty\703.jpg,empty
dataset\empty\704.jpg,empty
dataset\empty\705.jpg,empty
dataset\empty\706.jpg,empty
dataset\empty\707.jpg,empty
dataset\empty\708.jpg,empty
dataset\empty\709.jpg,empty
dataset\empty\71.jpg,empty
dataset\empty\710.jpg,empty
dataset\empty\711.jpg,empty
dataset\empty\712.jpg,empty
dataset\empty\713.jpg,empty
dataset\empty\714.jpg,empty
dataset\empty\715.jpg,empty
dataset\empty\716.jpg,empty
dataset\empty\717.jpg,empty
dataset\empty\718.jpg,empty
dataset\empty\719.jpg,empty
dataset\empty\72.jpg,empty
dataset\empty\720.jpg,empty
dataset\empty\721.jpg,empty
dataset\empty\722.jpg,empty
dataset\empty\723.jpg,empty
dataset\empty\724.jpg,empty
dataset\empty\725.jpg,empty
dataset\empty\726.jpg,empty
dataset\empty\727.jpg,empty
dataset\empty\728.jpg,empty
dataset\empty\729.jpg,empty
dataset\empty\73.jpg,empty
dataset\empty\730.jpg,empty
dataset\empty\731.jpg,empty
dataset\empty\732.jpg,empty
dataset\empty\733.jpg,empty
dataset\empty\734.jpg,empty
dataset\empty\735.jpg,empty
dataset\empty\736.jpg,empty
dataset\empty\737.jpg,empty
dataset\empty\738.jpg,empty
dataset\empty\739.jpg,empty
dataset\empty\74.jpg,empty
dataset\empty\740.jpg,empty
dataset\empty\741.jpg,empty
dataset\empty\742.jpg,empty
dataset\empty\743.jpg,empty
dataset\empty\744.jpg,empty
dataset\empty\745.jpg,empty
dataset\empty\746.jpg,empty
dataset\empty\747.jpg,empty
dataset\empty\748.jpg,empty
dataset\empty\749.jpg,empty
dataset\empty\75.jpg,empty
dataset\empty\750.jpg,empty
dataset\empty\751.jpg,empty
dataset\empty\752.jpg,empty
dataset\empty\753.jpg,empty
dataset\empty\754.jpg,empty
dataset\empty\755.jpg,empty
dataset\empty\756.jpg,empty
dataset\empty\757.jpg,empty
dataset\empty\758.jpg,empty
dataset\empty\759.jpg,empty
dataset\empty\76.jpg,empty
dataset\empty\760.jpg,empty
dataset\empty\761.jpg,empty
dataset\empty\762.jpg,empty
dataset\empty\763.jpg,empty
dataset\empty\764.jpg,empty
dataset\empty\765.jpg,empty
dataset\empty\766.jpg,empty
dataset\empty\767.jpg,empty
dataset\empty\768.jpg,empty
dataset\empty\769.jpg,empty
dataset\empty\77.jpg,empty
dataset\empty\770.jpg,empty
dataset\empty\771.jpg,empty
dataset\empty\772.jpg,empty
dataset\empty\773.jpg,empty
dataset\empty\774.jpg,empty
dataset\empty\775.jpg,empty
dataset\empty\776.jpg,empty
dataset\empty\777.jpg,empty
dataset\empty\778.jpg,empty
dataset\empty\779.jpg,empty
dataset\empty\78.jpg,empty
dataset\empty\780.jpg,empty
dataset\empty\781.jpg,empty
dataset\empty\782.jpg,empty
dataset\empty\783.jpg,empty
dataset\empty\784.jpg,empty
dataset\empty\785.jpg,empty
dataset\empty\786.jpg,empty
dataset\empty\787.jpg,empty
dataset\empty\788.jpg,empty
dataset\empty\789.jpg,empty
dataset\empty\79.jpg,empty
dataset\empty\790.jpg,empty
dataset\empty\791.jpg,empty
dataset\empty\792.jpg,empty
dataset\empty\793.jpg,empty
dataset\empty\794.jpg,empty
dataset\empty\795.jpg,empty
dataset\empty\796.jpg,empty
dataset\empty\797.jpg,empty
dataset\empty\798.jpg,empty
dataset\empty\799.jpg,empty
dataset\empty\8.jpg,empty
dataset\empty\80.jpg,empty
dataset\empty\800.jpg,empty
dataset\empty\801.jpg,empty
dataset\empty\802.jpg,empty
dataset\empty\803.jpg,empty
dataset\empty\804.jpg,empty
dataset\empty\805.jpg,empty
dataset\empty\806.jpg,empty
dataset\empty\807.jpg,empty
dataset\empty\808.jpg,empty
dataset\empty\809.jpg,empty
dataset\empty\81.jpg,empty
dataset\empty\810.jpg,empty
dataset\empty\811.jpg,empty
dataset\empty\812.jpg,empty
dataset\empty\813.jpg,empty
dataset\empty\814.jpg,empty
dataset\empty\815.jpg,empty
dataset\empty\816.jpg,empty
dataset\empty\817.jpg,empty
dataset\empty\818.jpg,empty
dataset\empty\819.jpg,empty
dataset\empty\82.jpg,empty
dataset\empty\820.jpg,empty
dataset\empty\821.jpg,empty
dataset\empty\822.jpg,empty
dataset\empty\823.jpg,empty
dataset\empty\824.jpg,empty
dataset\empty\825.jpg,empty
dataset\empty\826.jpg,empty
dataset\empty\827.jpg,empty
dataset\empty\828.jpg,empty
dataset\empty\829.jpg,empty
dataset\empty\83.jpg,empty
dataset\empty\830.jpg,empty
dataset\empty\831.jpg,empty
dataset\empty\832.jpg,empty
dataset\empty\833.jpg,empty
dataset\empty\834.jpg,empty
dataset\empty\835.jpg,empty
dataset\empty\836.jpg,empty
dataset\empty\837.jpg,empty
dataset\empty\838.jpg,empty
dataset\empty\839.jpg,empty
dataset\empty\84.jpg,empty
dataset\empty\840.jpg,empty
dataset\empty\841.jpg,empty
dataset\empty\842.jpg,empty
dataset\empty\843.jpg,empty
dataset\empty\844.jpg,empty
dataset\empty\845.jpg,empty
dataset\empty\846.jpg,empty
dataset\empty\847.jpg,empty
dataset\empty\848.jpg,empty
dataset\empty\849.jpg,empty
dataset\empty\85.jpg,empty
dataset\empty\850.jpg,empty
dataset\empty\851.jpg,empty
dataset\empty\852.jpg,empty
dataset\empty\853.jpg,empty
dataset\empty\854.jpg,empty
dataset\empty\855.jpg,empty
dataset\empty\856.jpg,empty
dataset\empty\857.jpg,empty
dataset\empty\858.jpg,empty
dataset\empty\859.jpg,empty
dataset\empty\86.jpg,empty
dataset\empty\860.jpg,empty
dataset\empty\861.jpg,empty
dataset\empty\862.jpg,empty
dataset\empty\863.jpg,empty
dataset\empty\864.jpg,empty
dataset\empty\865.jpg,empty
dataset\empty\866.jpg,empty
dataset\empty\867.jpg,empty
dataset\empty\868.jpg,empty
dataset\empty\869.jpg,empty
dataset\empty\87.jpg,empty
dataset\empty\870.jpg,empty
dataset\empty\871.jpg,empty
dataset\empty\872.jpg,empty
dataset\empty\873.jpg,empty
dataset\empty\874.jpg,empty
dataset\empty\875.jpg,empty
dataset\empty\876.jpg,empty
dataset\empty\877.jpg,empty
dataset\empty\878.jpg,empty
dataset\empty\879.jpg,empty
dataset\empty\88.jpg,empty
dataset\empty\880.jpg,empty
dataset\empty\881.jpg,empty
dataset\empty\882.jpg,empty
dataset\empty\883.jpg,empty
dataset\empty\884.jpg,empty
dataset\empty\885.jpg,empty
dataset\empty\886.jpg,empty
dataset\empty\887.jpg,empty
dataset\empty\888.jpg,empty
dataset\empty\889.jpg,empty
dataset\empty\89.jpg,empty
dataset\empty\890.jpg,empty
dataset\empty\891.jpg,empty
dataset\empty\892.jpg,empty
dataset\empty\893.jpg,empty
dataset\empty\894.jpg,empty
dataset\empty\895.jpg,empty
dataset\empty\896.jpg,empty
dataset\empty\897.jpg,empty
dataset\empty\898.jpg,empty
dataset\empty\899.jpg,empty
dataset\empty\9.jpg,empty
dataset\empty\90.jpg,empty
dataset\empty\900.jpg,empty
dataset\empty\901.jpg,empty
dataset\empty\902.jpg,empty
dataset\empty\903.jpg,empty
dataset\empty\904.jpg,empty
dataset\empty\905.jpg,empty
dataset\empty\906.jpg,empty
dataset\empty\907.jpg,empty
dataset\empty\908.jpg,empty
dataset\empty\909.jpg,empty
dataset\empty\91.jpg,empty
dataset\empty\910.jpg,empty
dataset\empty\911.jpg,empty
dataset\empty\912.jpg,empty
dataset\empty\913.jpg,empty
dataset\empty\914.jpg,empty
dataset\empty\915.jpg,empty
dataset\empty\916.jpg,empty
dataset\empty\917.jpg,empty
dataset\empty\918.jpg,empty
dataset\empty\919.jpg,empty
dataset\empty\92.jpg,empty
dataset\empty\920.jpg,empty
dataset\empty\921.jpg,empty
dataset\empty\922.jpg,empty
dataset\empty\923.jpg,empty
dataset\empty\924.jpg,empty
dataset\empty\925.jpg,empty
dataset\empty\926.jpg,empty
dataset\empty\927.jpg,empty
dataset\empty\928.jpg,empty
dataset\empty\929.jpg,empty
dataset\empty\93.jpg,empty
dataset\empty\930.jpg,empty
dataset\empty\931.jpg,empty
dataset\empty\932.jpg,empty
dataset\empty\933.jpg,empty
dataset\empty\934.jpg,empty
dataset\empty\935.jpg,empty
dataset\empty\936.jpg,empty
dataset\empty\937.jpg,empty
dataset\empty\938.jpg,empty
dataset\empty\939.jpg,empty
dataset\empty\94.jpg,empty
dataset\empty\940.jpg,empty
dataset\empty\941.jpg,empty
dataset\empty\942.jpg,empty
dataset\empty\943.jpg,empty
dataset\empty\944.jpg,empty
dataset\empty\945.jpg,empty
dataset\empty\946.jpg,empty
dataset\empty\947.jpg,empty
dataset\empty\948.jpg,empty
dataset\empty\949.jpg,empty
dataset\empty\95.jpg,empty
dataset\empty\950.jpg,empty
dataset\empty\951.jpg,empty
dataset\empty\952.jpg,empty
dataset\empty\953.jpg,empty
dataset\empty\954.jpg,empty
dataset\empty\955.jpg,empty
dataset\empty\956.jpg,empty
dataset\empty\957.jpg,empty
dataset\empty\958.jpg,empty
dataset\empty\959.jpg,empty
dataset\empty\96.jpg,empty
dataset\empty\960.jpg,empty
dataset\empty\961.jpg,empty
dataset\empty\962.jpg,empty
dataset\empty\963.jpg,empty
dataset\empty\964.jpg,empty
dataset\empty\965.jpg,empty
dataset\empty\966.jpg,empty
dataset\empty\967.jpg,empty
dataset\empty\968.jpg,empty
dataset\empty\969.jpg,empty
dataset\empty\97.jpg,empty
dataset\empty\970.jpg,empty
dataset\empty\971.jpg,empty
dataset\empty\972.jpg,empty
dataset\empty\973.jpg,empty
dataset\empty\974.jpg,empty
dataset\empty\975.jpg,empty
dataset\empty\976.jpg,empty
dataset\empty\977.jpg,empty
dataset\empty\978.jpg,empty
dataset\empty\979.jpg,empty
dataset\empty\98.jpg,empty
dataset\empty\980.jpg,empty
dataset\empty\981.jpg,empty
dataset\empty\982.jpg,empty
dataset\empty\983.jpg,empty
dataset\empty\984.jpg,empty
dataset\empty\985.jpg,empty
dataset\empty\986.jpg,empty
dataset\empty\987.jpg,empty
dataset\empty\988.jpg,empty
dataset\empty\989.jpg,empty
dataset\empty\99.jpg,empty
dataset\empty\990.jpg,empty
dataset\empty\991.jpg,empty
dataset\empty\992.jpg,empty
dataset\empty\993.jpg,empty
dataset\empty\994.jpg,empty
dataset\empty\995.jpg,empty
dataset\empty\996.jpg,empty
dataset\empty\997.jpg,empty
dataset\empty\998.jpg,empty
dataset\empty\999.jpg,empty
