filename,label
1/1.jpg,1
1/2.jpg,1
1/3.jpg,1
1/4.jpg,1
1/5.jpg,1
1/6.jpg,1
1/7.jpg,1
1/8.jpg,1
1/9.jpg,1
1/10.jpg,1
1/11.jpg,1
1/12.jpg,1
1/13.jpg,1
1/14.jpg,1
1/15.jpg,1
1/16.jpg,1
1/17.jpg,1
1/18.jpg,1
1/19.jpg,1
1/20.jpg,1
1/21.jpg,1
1/22.jpg,1
1/23.jpg,1
1/24.jpg,1
1/25.jpg,1
1/26.jpg,1
1/27.jpg,1
1/28.jpg,1
1/29.jpg,1
1/30.jpg,1
1/31.jpg,1
1/32.jpg,1
1/33.jpg,1
1/34.jpg,1
1/35.jpg,1
1/36.jpg,1
1/37.jpg,1
1/38.jpg,1
1/39.jpg,1
1/40.jpg,1
1/41.jpg,1
1/42.jpg,1
1/43.jpg,1
1/44.jpg,1
1/45.jpg,1
1/46.jpg,1
1/47.jpg,1
1/48.jpg,1
1/49.jpg,1
1/50.jpg,1
1/51.jpg,1
1/52.jpg,1
1/53.jpg,1
1/54.jpg,1
1/55.jpg,1
1/56.jpg,1
1/57.jpg,1
1/58.jpg,1
1/59.jpg,1
1/60.jpg,1
1/61.jpg,1
1/62.jpg,1
1/63.jpg,1
1/64.jpg,1
1/65.jpg,1
1/66.jpg,1
1/67.jpg,1
1/68.jpg,1
1/69.jpg,1
1/70.jpg,1
1/71.jpg,1
1/72.jpg,1
1/73.jpg,1
1/74.jpg,1
1/75.jpg,1
1/76.jpg,1
1/77.jpg,1
1/78.jpg,1
1/79.jpg,1
1/80.jpg,1
1/81.jpg,1
1/82.jpg,1
1/83.jpg,1
1/84.jpg,1
1/85.jpg,1
1/86.jpg,1
1/87.jpg,1
1/88.jpg,1
1/89.jpg,1
1/90.jpg,1
1/91.jpg,1
1/92.jpg,1
1/93.jpg,1
1/94.jpg,1
1/95.jpg,1
1/96.jpg,1
1/97.jpg,1
1/98.jpg,1
1/99.jpg,1
1/100.jpg,1
1/101.jpg,1
1/102.jpg,1
1/103.jpg,1
1/104.jpg,1
1/105.jpg,1
1/106.jpg,1
1/107.jpg,1
1/108.jpg,1
1/109.jpg,1
1/110.jpg,1
1/111.jpg,1
1/112.jpg,1
1/113.jpg,1
1/114.jpg,1
1/115.jpg,1
1/116.jpg,1
1/117.jpg,1
1/118.jpg,1
1/119.jpg,1
1/120.jpg,1
1/121.jpg,1
1/122.jpg,1
1/123.jpg,1
1/124.jpg,1
1/125.jpg,1
1/126.jpg,1
1/127.jpg,1
1/128.jpg,1
1/129.jpg,1
1/130.jpg,1
1/131.jpg,1
1/132.jpg,1
1/133.jpg,1
1/134.jpg,1
2/1.jpg,2
2/2.jpg,2
2/3.jpg,2
2/4.jpg,2
2/5.jpg,2
2/6.jpg,2
2/7.jpg,2
2/8.jpg,2
2/9.jpg,2
2/10.jpg,2
2/11.jpg,2
2/12.jpg,2
2/13.jpg,2
2/14.jpg,2
2/15.jpg,2
2/16.jpg,2
2/17.jpg,2
2/18.jpg,2
2/19.jpg,2
2/20.jpg,2
2/21.jpg,2
2/22.jpg,2
2/23.jpg,2
2/24.jpg,2
2/25.jpg,2
2/26.jpg,2
2/27.jpg,2
2/28.jpg,2
2/29.jpg,2
2/30.jpg,2
2/31.jpg,2
2/32.jpg,2
2/33.jpg,2
2/34.jpg,2
2/35.jpg,2
2/36.jpg,2
2/37.jpg,2
2/38.jpg,2
2/39.jpg,2
2/40.jpg,2
2/41.jpg,2
2/42.jpg,2
2/43.jpg,2
2/44.jpg,2
2/45.jpg,2
2/46.jpg,2
2/47.jpg,2
2/48.jpg,2
2/49.jpg,2
2/50.jpg,2
2/51.jpg,2
2/52.jpg,2
2/53.jpg,2
2/54.jpg,2
2/55.jpg,2
2/56.jpg,2
2/57.jpg,2
2/58.jpg,2
2/59.jpg,2
2/60.jpg,2
2/61.jpg,2
2/62.jpg,2
2/63.jpg,2
2/64.jpg,2
2/65.jpg,2
2/66.jpg,2
2/67.jpg,2
2/68.jpg,2
2/69.jpg,2
2/70.jpg,2
2/71.jpg,2
2/72.jpg,2
2/73.jpg,2
2/74.jpg,2
2/75.jpg,2
2/76.jpg,2
2/77.jpg,2
2/78.jpg,2
2/79.jpg,2
2/80.jpg,2
2/81.jpg,2
2/82.jpg,2
2/83.jpg,2
2/84.jpg,2
2/85.jpg,2
2/86.jpg,2
2/87.jpg,2
2/88.jpg,2
2/89.jpg,2
2/90.jpg,2
2/91.jpg,2
2/92.jpg,2
2/93.jpg,2
2/94.jpg,2
2/95.jpg,2
2/96.jpg,2
2/97.jpg,2
2/98.jpg,2
2/99.jpg,2
2/100.jpg,2
2/101.jpg,2
2/102.jpg,2
2/103.jpg,2
2/104.jpg,2
2/105.jpg,2
2/106.jpg,2
2/107.jpg,2
2/108.jpg,2
2/109.jpg,2
2/110.jpg,2
2/111.jpg,2
2/112.jpg,2
2/113.jpg,2
2/114.jpg,2
2/115.jpg,2
2/116.jpg,2
2/117.jpg,2
2/118.jpg,2
2/119.jpg,2
2/120.jpg,2
2/121.jpg,2
2/122.jpg,2
2/123.jpg,2
2/124.jpg,2
2/125.jpg,2
2/126.jpg,2
2/127.jpg,2
2/128.jpg,2
2/129.jpg,2
2/130.jpg,2
2/131.jpg,2
2/132.jpg,2
3/1.jpg,3
3/2.jpg,3
3/3.jpg,3
3/4.jpg,3
3/5.jpg,3
3/6.jpg,3
3/7.jpg,3
3/8.jpg,3
3/9.jpg,3
3/10.jpg,3
3/11.jpg,3
3/12.jpg,3
3/13.jpg,3
3/14.jpg,3
3/15.jpg,3
3/16.jpg,3
3/17.jpg,3
3/18.jpg,3
3/19.jpg,3
3/20.jpg,3
3/21.jpg,3
3/22.jpg,3
3/23.jpg,3
3/24.jpg,3
3/25.jpg,3
3/26.jpg,3
3/27.jpg,3
3/28.jpg,3
3/29.jpg,3
3/30.jpg,3
3/31.jpg,3
3/32.jpg,3
3/33.jpg,3
3/34.jpg,3
3/35.jpg,3
3/36.jpg,3
3/37.jpg,3
3/38.jpg,3
3/39.jpg,3
3/40.jpg,3
3/41.jpg,3
3/42.jpg,3
3/43.jpg,3
3/44.jpg,3
3/45.jpg,3
3/46.jpg,3
3/47.jpg,3
3/48.jpg,3
3/49.jpg,3
3/50.jpg,3
3/51.jpg,3
3/52.jpg,3
3/53.jpg,3
3/54.jpg,3
3/55.jpg,3
3/56.jpg,3
3/57.jpg,3
3/58.jpg,3
3/59.jpg,3
3/60.jpg,3
3/61.jpg,3
3/62.jpg,3
3/63.jpg,3
3/64.jpg,3
3/65.jpg,3
3/66.jpg,3
3/67.jpg,3
3/68.jpg,3
3/69.jpg,3
3/70.jpg,3
3/71.jpg,3
3/72.jpg,3
3/73.jpg,3
3/74.jpg,3
3/75.jpg,3
3/76.jpg,3
3/77.jpg,3
3/78.jpg,3
3/79.jpg,3
3/80.jpg,3
3/81.jpg,3
3/82.jpg,3
3/83.jpg,3
3/84.jpg,3
3/85.jpg,3
3/86.jpg,3
3/87.jpg,3
3/88.jpg,3
3/89.jpg,3
3/90.jpg,3
3/91.jpg,3
3/92.jpg,3
3/93.jpg,3
3/94.jpg,3
3/95.jpg,3
3/96.jpg,3
3/97.jpg,3
3/98.jpg,3
3/99.jpg,3
3/100.jpg,3
3/101.jpg,3
3/102.jpg,3
3/103.jpg,3
3/104.jpg,3
3/105.jpg,3
3/106.jpg,3
3/107.jpg,3
3/108.jpg,3
3/109.jpg,3
3/110.jpg,3
3/111.jpg,3
3/112.jpg,3
3/113.jpg,3
3/114.jpg,3
3/115.jpg,3
3/116.jpg,3
3/117.jpg,3
3/118.jpg,3
3/119.jpg,3
3/120.jpg,3
3/121.jpg,3
3/122.jpg,3
3/123.jpg,3
4/1.jpg,4
4/2.jpg,4
4/3.jpg,4
4/4.jpg,4
4/5.jpg,4
4/6.jpg,4
4/7.jpg,4
4/8.jpg,4
4/9.jpg,4
4/10.jpg,4
4/11.jpg,4
4/12.jpg,4
4/13.jpg,4
4/14.jpg,4
4/15.jpg,4
4/16.jpg,4
4/17.jpg,4
4/18.jpg,4
4/19.jpg,4
4/20.jpg,4
4/21.jpg,4
4/22.jpg,4
4/23.jpg,4
4/24.jpg,4
4/25.jpg,4
4/26.jpg,4
4/27.jpg,4
4/28.jpg,4
4/29.jpg,4
4/30.jpg,4
4/31.jpg,4
4/32.jpg,4
4/33.jpg,4
4/34.jpg,4
4/35.jpg,4
4/36.jpg,4
4/37.jpg,4
4/38.jpg,4
4/39.jpg,4
4/40.jpg,4
4/41.jpg,4
4/42.jpg,4
4/43.jpg,4
4/44.jpg,4
4/45.jpg,4
4/46.jpg,4
4/47.jpg,4
4/48.jpg,4
4/49.jpg,4
4/50.jpg,4
4/51.jpg,4
4/52.jpg,4
4/53.jpg,4
4/54.jpg,4
4/55.jpg,4
4/56.jpg,4
4/57.jpg,4
4/58.jpg,4
4/59.jpg,4
4/60.jpg,4
4/61.jpg,4
4/62.jpg,4
4/63.jpg,4
4/64.jpg,4
4/65.jpg,4
4/66.jpg,4
4/67.jpg,4
4/68.jpg,4
4/69.jpg,4
4/70.jpg,4
4/71.jpg,4
4/72.jpg,4
4/73.jpg,4
4/74.jpg,4
4/75.jpg,4
4/76.jpg,4
4/77.jpg,4
4/78.jpg,4
4/79.jpg,4
4/80.jpg,4
4/81.jpg,4
4/82.jpg,4
4/83.jpg,4
4/84.jpg,4
4/85.jpg,4
4/86.jpg,4
4/87.jpg,4
4/88.jpg,4
4/89.jpg,4
4/90.jpg,4
4/91.jpg,4
4/92.jpg,4
4/93.jpg,4
4/94.jpg,4
4/95.jpg,4
4/96.jpg,4
4/97.jpg,4
4/98.jpg,4
4/99.jpg,4
4/100.jpg,4
4/101.jpg,4
4/102.jpg,4
4/103.jpg,4
4/104.jpg,4
4/105.jpg,4
4/106.jpg,4
4/107.jpg,4
4/108.jpg,4
4/109.jpg,4
4/110.jpg,4
4/111.jpg,4
4/112.jpg,4
4/113.jpg,4
4/114.jpg,4
5/1.jpg,5
5/2.jpg,5
5/3.jpg,5
5/4.jpg,5
5/5.jpg,5
5/6.jpg,5
5/7.jpg,5
5/8.jpg,5
5/9.jpg,5
5/10.jpg,5
5/11.jpg,5
5/12.jpg,5
5/13.jpg,5
5/14.jpg,5
5/15.jpg,5
5/16.jpg,5
5/17.jpg,5
5/18.jpg,5
5/19.jpg,5
5/20.jpg,5
5/21.jpg,5
5/22.jpg,5
5/23.jpg,5
5/24.jpg,5
5/25.jpg,5
5/26.jpg,5
5/27.jpg,5
5/28.jpg,5
5/29.jpg,5
5/30.jpg,5
5/31.jpg,5
5/32.jpg,5
5/33.jpg,5
5/34.jpg,5
5/35.jpg,5
5/36.jpg,5
5/37.jpg,5
5/38.jpg,5
5/39.jpg,5
5/40.jpg,5
5/41.jpg,5
5/42.jpg,5
5/43.jpg,5
5/44.jpg,5
5/45.jpg,5
5/46.jpg,5
5/47.jpg,5
5/48.jpg,5
5/49.jpg,5
5/50.jpg,5
5/51.jpg,5
5/52.jpg,5
5/53.jpg,5
5/54.jpg,5
5/55.jpg,5
5/56.jpg,5
5/57.jpg,5
5/58.jpg,5
5/59.jpg,5
5/60.jpg,5
5/61.jpg,5
5/62.jpg,5
5/63.jpg,5
5/64.jpg,5
5/65.jpg,5
5/66.jpg,5
5/67.jpg,5
5/68.jpg,5
5/69.jpg,5
5/70.jpg,5
5/71.jpg,5
5/72.jpg,5
5/73.jpg,5
5/74.jpg,5
5/75.jpg,5
5/76.jpg,5
5/77.jpg,5
5/78.jpg,5
5/79.jpg,5
5/80.jpg,5
5/81.jpg,5
5/82.jpg,5
5/83.jpg,5
5/84.jpg,5
5/85.jpg,5
5/86.jpg,5
5/87.jpg,5
5/88.jpg,5
5/89.jpg,5
5/90.jpg,5
5/91.jpg,5
5/92.jpg,5
5/93.jpg,5
5/94.jpg,5
5/95.jpg,5
5/96.jpg,5
5/97.jpg,5
5/98.jpg,5
5/99.jpg,5
5/100.jpg,5
5/101.jpg,5
5/102.jpg,5
5/103.jpg,5
5/104.jpg,5
5/105.jpg,5
5/106.jpg,5
5/107.jpg,5
5/108.jpg,5
5/109.jpg,5
5/110.jpg,5
5/111.jpg,5
5/112.jpg,5
5/113.jpg,5
6/1.jpg,6
6/2.jpg,6
6/3.jpg,6
6/4.jpg,6
6/5.jpg,6
6/6.jpg,6
6/7.jpg,6
6/8.jpg,6
6/9.jpg,6
6/10.jpg,6
6/11.jpg,6
6/12.jpg,6
6/13.jpg,6
6/14.jpg,6
6/15.jpg,6
6/16.jpg,6
6/17.jpg,6
6/18.jpg,6
6/19.jpg,6
6/20.jpg,6
6/21.jpg,6
6/22.jpg,6
6/23.jpg,6
6/24.jpg,6
6/25.jpg,6
6/26.jpg,6
6/27.jpg,6
6/28.jpg,6
6/29.jpg,6
6/30.jpg,6
6/31.jpg,6
6/32.jpg,6
6/33.jpg,6
6/34.jpg,6
6/35.jpg,6
6/36.jpg,6
6/37.jpg,6
6/38.jpg,6
6/39.jpg,6
6/40.jpg,6
6/41.jpg,6
6/42.jpg,6
6/43.jpg,6
6/44.jpg,6
6/45.jpg,6
6/46.jpg,6
6/47.jpg,6
6/48.jpg,6
6/49.jpg,6
6/50.jpg,6
6/51.jpg,6
6/52.jpg,6
6/53.jpg,6
6/54.jpg,6
6/55.jpg,6
6/56.jpg,6
6/57.jpg,6
6/58.jpg,6
6/59.jpg,6
6/60.jpg,6
6/61.jpg,6
6/62.jpg,6
6/63.jpg,6
6/64.jpg,6
6/65.jpg,6
6/66.jpg,6
6/67.jpg,6
6/68.jpg,6
6/69.jpg,6
6/70.jpg,6
6/71.jpg,6
6/72.jpg,6
6/73.jpg,6
6/74.jpg,6
6/75.jpg,6
6/76.jpg,6
6/77.jpg,6
6/78.jpg,6
6/79.jpg,6
6/80.jpg,6
6/81.jpg,6
6/82.jpg,6
6/83.jpg,6
6/84.jpg,6
6/85.jpg,6
6/86.jpg,6
6/87.jpg,6
6/88.jpg,6
6/89.jpg,6
6/90.jpg,6
6/91.jpg,6
6/92.jpg,6
6/93.jpg,6
6/94.jpg,6
6/95.jpg,6
6/96.jpg,6
6/97.jpg,6
6/98.jpg,6
6/99.jpg,6
6/100.jpg,6
6/101.jpg,6
6/102.jpg,6
6/103.jpg,6
6/104.jpg,6
6/105.jpg,6
6/106.jpg,6
6/107.jpg,6
6/108.jpg,6
6/109.jpg,6
6/110.jpg,6
6/111.jpg,6
6/112.jpg,6
6/113.jpg,6
6/114.jpg,6
6/115.jpg,6
6/116.jpg,6
6/117.jpg,6
6/118.jpg,6
6/119.jpg,6
6/120.jpg,6
6/121.jpg,6
6/122.jpg,6
6/123.jpg,6
6/124.jpg,6
6/125.jpg,6
6/126.jpg,6
6/127.jpg,6
6/128.jpg,6
6/129.jpg,6
6/130.jpg,6
6/131.jpg,6
6/132.jpg,6
6/133.jpg,6
6/134.jpg,6
6/135.jpg,6
6/136.jpg,6
7/1.jpg,7
7/2.jpg,7
7/3.jpg,7
7/4.jpg,7
7/5.jpg,7
7/6.jpg,7
7/7.jpg,7
7/8.jpg,7
7/9.jpg,7
7/10.jpg,7
7/11.jpg,7
7/12.jpg,7
7/13.jpg,7
7/14.jpg,7
7/15.jpg,7
7/16.jpg,7
7/17.jpg,7
7/18.jpg,7
7/19.jpg,7
7/20.jpg,7
7/21.jpg,7
7/22.jpg,7
7/23.jpg,7
7/24.jpg,7
7/25.jpg,7
7/26.jpg,7
7/27.jpg,7
7/28.jpg,7
7/29.jpg,7
7/30.jpg,7
7/31.jpg,7
7/32.jpg,7
7/33.jpg,7
7/34.jpg,7
7/35.jpg,7
7/36.jpg,7
7/37.jpg,7
7/38.jpg,7
7/39.jpg,7
7/40.jpg,7
7/41.jpg,7
7/42.jpg,7
7/43.jpg,7
7/44.jpg,7
7/45.jpg,7
7/46.jpg,7
7/47.jpg,7
7/48.jpg,7
7/49.jpg,7
7/50.jpg,7
7/51.jpg,7
7/52.jpg,7
7/53.jpg,7
7/54.jpg,7
7/55.jpg,7
7/56.jpg,7
7/57.jpg,7
7/58.jpg,7
7/59.jpg,7
7/60.jpg,7
7/61.jpg,7
7/62.jpg,7
7/63.jpg,7
7/64.jpg,7
7/65.jpg,7
7/66.jpg,7
7/67.jpg,7
7/68.jpg,7
7/69.jpg,7
7/70.jpg,7
7/71.jpg,7
7/72.jpg,7
7/73.jpg,7
7/74.jpg,7
7/75.jpg,7
7/76.jpg,7
7/77.jpg,7
7/78.jpg,7
7/79.jpg,7
7/80.jpg,7
7/81.jpg,7
7/82.jpg,7
7/83.jpg,7
7/84.jpg,7
7/85.jpg,7
7/86.jpg,7
7/87.jpg,7
7/88.jpg,7
7/89.jpg,7
7/90.jpg,7
7/91.jpg,7
7/92.jpg,7
7/93.jpg,7
7/94.jpg,7
7/95.jpg,7
7/96.jpg,7
7/97.jpg,7
7/98.jpg,7
7/99.jpg,7
7/100.jpg,7
7/101.jpg,7
7/102.jpg,7
7/103.jpg,7
7/104.jpg,7
7/105.jpg,7
7/106.jpg,7
7/107.jpg,7
7/108.jpg,7
7/109.jpg,7
7/110.jpg,7
7/111.jpg,7
7/112.jpg,7
7/113.jpg,7
7/114.jpg,7
7/115.jpg,7
7/116.jpg,7
7/117.jpg,7
7/118.jpg,7
7/119.jpg,7
7/120.jpg,7
7/121.jpg,7
7/122.jpg,7
7/123.jpg,7
7/124.jpg,7
7/125.jpg,7
7/126.jpg,7
7/127.jpg,7
7/128.jpg,7
8/1.jpg,8
8/2.jpg,8
8/3.jpg,8
8/4.jpg,8
8/5.jpg,8
8/6.jpg,8
8/7.jpg,8
8/8.jpg,8
8/9.jpg,8
8/10.jpg,8
8/11.jpg,8
8/12.jpg,8
8/13.jpg,8
8/14.jpg,8
8/15.jpg,8
8/16.jpg,8
8/17.jpg,8
8/18.jpg,8
8/19.jpg,8
8/20.jpg,8
8/21.jpg,8
8/22.jpg,8
8/23.jpg,8
8/24.jpg,8
8/25.jpg,8
8/26.jpg,8
8/27.jpg,8
8/28.jpg,8
8/29.jpg,8
8/30.jpg,8
8/31.jpg,8
8/32.jpg,8
8/33.jpg,8
8/34.jpg,8
8/35.jpg,8
8/36.jpg,8
8/37.jpg,8
8/38.jpg,8
8/39.jpg,8
8/40.jpg,8
8/41.jpg,8
8/42.jpg,8
8/43.jpg,8
8/44.jpg,8
8/45.jpg,8
8/46.jpg,8
8/47.jpg,8
8/48.jpg,8
8/49.jpg,8
8/50.jpg,8
8/51.jpg,8
8/52.jpg,8
8/53.jpg,8
8/54.jpg,8
8/55.jpg,8
8/56.jpg,8
8/57.jpg,8
8/58.jpg,8
8/59.jpg,8
8/60.jpg,8
8/61.jpg,8
8/62.jpg,8
8/63.jpg,8
8/64.jpg,8
8/65.jpg,8
8/66.jpg,8
8/67.jpg,8
8/68.jpg,8
8/69.jpg,8
8/70.jpg,8
8/71.jpg,8
8/72.jpg,8
8/73.jpg,8
8/74.jpg,8
8/75.jpg,8
8/76.jpg,8
8/77.jpg,8
8/78.jpg,8
8/79.jpg,8
8/80.jpg,8
8/81.jpg,8
8/82.jpg,8
8/83.jpg,8
8/84.jpg,8
8/85.jpg,8
8/86.jpg,8
8/87.jpg,8
8/88.jpg,8
8/89.jpg,8
8/90.jpg,8
8/91.jpg,8
8/92.jpg,8
8/93.jpg,8
8/94.jpg,8
8/95.jpg,8
8/96.jpg,8
8/97.jpg,8
8/98.jpg,8
8/99.jpg,8
8/100.jpg,8
8/101.jpg,8
8/102.jpg,8
8/103.jpg,8
8/104.jpg,8
8/105.jpg,8
8/106.jpg,8
8/107.jpg,8
8/108.jpg,8
8/109.jpg,8
8/110.jpg,8
8/111.jpg,8
8/112.jpg,8
8/113.jpg,8
8/114.jpg,8
8/115.jpg,8
8/116.jpg,8
8/117.jpg,8
8/118.jpg,8
8/119.jpg,8
8/120.jpg,8
8/121.jpg,8
8/122.jpg,8
8/123.jpg,8
9/1.jpg,9
9/2.jpg,9
9/3.jpg,9
9/4.jpg,9
9/5.jpg,9
9/6.jpg,9
9/7.jpg,9
9/8.jpg,9
9/9.jpg,9
9/10.jpg,9
9/11.jpg,9
9/12.jpg,9
9/13.jpg,9
9/14.jpg,9
9/15.jpg,9
9/16.jpg,9
9/17.jpg,9
9/18.jpg,9
9/19.jpg,9
9/20.jpg,9
9/21.jpg,9
9/22.jpg,9
9/23.jpg,9
9/24.jpg,9
9/25.jpg,9
9/26.jpg,9
9/27.jpg,9
9/28.jpg,9
9/29.jpg,9
9/30.jpg,9
9/31.jpg,9
9/32.jpg,9
9/33.jpg,9
9/34.jpg,9
9/35.jpg,9
9/36.jpg,9
9/37.jpg,9
9/38.jpg,9
9/39.jpg,9
9/40.jpg,9
9/41.jpg,9
9/42.jpg,9
9/43.jpg,9
9/44.jpg,9
9/45.jpg,9
9/46.jpg,9
9/47.jpg,9
9/48.jpg,9
9/49.jpg,9
9/50.jpg,9
9/51.jpg,9
9/52.jpg,9
9/53.jpg,9
9/54.jpg,9
9/55.jpg,9
9/56.jpg,9
9/57.jpg,9
9/58.jpg,9
9/59.jpg,9
9/60.jpg,9
9/61.jpg,9
9/62.jpg,9
9/63.jpg,9
9/64.jpg,9
9/65.jpg,9
9/66.jpg,9
9/67.jpg,9
9/68.jpg,9
9/69.jpg,9
9/70.jpg,9
9/71.jpg,9
9/72.jpg,9
9/73.jpg,9
9/74.jpg,9
9/75.jpg,9
9/76.jpg,9
9/77.jpg,9
9/78.jpg,9
9/79.jpg,9
9/80.jpg,9
9/81.jpg,9
9/82.jpg,9
9/83.jpg,9
9/84.jpg,9
9/85.jpg,9
9/86.jpg,9
9/87.jpg,9
9/88.jpg,9
9/89.jpg,9
9/90.jpg,9
9/91.jpg,9
9/92.jpg,9
9/93.jpg,9
9/94.jpg,9
9/95.jpg,9
9/96.jpg,9
9/97.jpg,9
9/98.jpg,9
9/99.jpg,9
9/100.jpg,9
9/101.jpg,9
9/102.jpg,9
9/103.jpg,9
9/104.jpg,9
9/105.jpg,9
9/106.jpg,9
9/107.jpg,9
9/108.jpg,9
9/109.jpg,9
9/110.jpg,9
9/111.jpg,9
9/112.jpg,9
9/113.jpg,9
9/114.jpg,9
9/115.jpg,9
9/116.jpg,9
9/117.jpg,9
9/118.jpg,9
9/119.jpg,9
9/120.jpg,9
9/121.jpg,9
9/122.jpg,9
9/123.jpg,9
9/124.jpg,9
9/125.jpg,9
9/126.jpg,9
9/127.jpg,9
9/128.jpg,9
9/129.jpg,9
9/130.jpg,9
9/131.jpg,9
9/132.jpg,9
9/133.jpg,9
9/134.jpg,9
9/135.jpg,9
9/136.jpg,9
9/137.jpg,9
empty/1.jpg,
empty/2.jpg,
empty/3.jpg,
empty/4.jpg,
empty/5.jpg,
empty/6.jpg,
empty/7.jpg,
empty/8.jpg,
empty/9.jpg,
empty/10.jpg,
empty/11.jpg,
empty/12.jpg,
empty/13.jpg,
empty/14.jpg,
empty/15.jpg,
empty/16.jpg,
empty/17.jpg,
empty/18.jpg,
empty/19.jpg,
empty/20.jpg,
empty/21.jpg,
empty/22.jpg,
empty/23.jpg,
empty/24.jpg,
empty/25.jpg,
empty/26.jpg,
empty/27.jpg,
empty/28.jpg,
empty/29.jpg,
empty/30.jpg,
empty/31.jpg,
empty/32.jpg,
empty/33.jpg,
empty/34.jpg,
empty/35.jpg,
empty/36.jpg,
empty/37.jpg,
empty/38.jpg,
empty/39.jpg,
empty/40.jpg,
empty/41.jpg,
empty/42.jpg,
empty/43.jpg,
empty/44.jpg,
empty/45.jpg,
empty/46.jpg,
empty/47.jpg,
empty/48.jpg,
empty/49.jpg,
empty/50.jpg,
empty/51.jpg,
empty/52.jpg,
empty/53.jpg,
empty/54.jpg,
empty/55.jpg,
empty/56.jpg,
empty/57.jpg,
empty/58.jpg,
empty/59.jpg,
empty/60.jpg,
empty/61.jpg,
empty/62.jpg,
empty/63.jpg,
empty/64.jpg,
empty/65.jpg,
empty/66.jpg,
empty/67.jpg,
empty/68.jpg,
empty/69.jpg,
empty/70.jpg,
empty/71.jpg,
empty/72.jpg,
empty/73.jpg,
empty/74.jpg,
empty/75.jpg,
empty/76.jpg,
empty/77.jpg,
empty/78.jpg,
empty/79.jpg,
empty/80.jpg,
empty/81.jpg,
empty/82.jpg,
empty/83.jpg,
empty/84.jpg,
empty/85.jpg,
empty/86.jpg,
empty/87.jpg,
empty/88.jpg,
empty/89.jpg,
empty/90.jpg,
empty/91.jpg,
empty/92.jpg,
empty/93.jpg,
empty/94.jpg,
empty/95.jpg,
empty/96.jpg,
empty/97.jpg,
empty/98.jpg,
empty/99.jpg,
empty/100.jpg,
empty/101.jpg,
empty/102.jpg,
empty/103.jpg,
empty/104.jpg,
empty/105.jpg,
empty/106.jpg,
empty/107.jpg,
empty/108.jpg,
empty/109.jpg,
empty/110.jpg,
empty/111.jpg,
empty/112.jpg,
empty/113.jpg,
empty/114.jpg,
empty/115.jpg,
empty/116.jpg,
empty/117.jpg,
empty/118.jpg,
empty/119.jpg,
empty/120.jpg,
empty/121.jpg,
empty/122.jpg,
empty/123.jpg,
empty/124.jpg,
empty/125.jpg,
empty/126.jpg,
empty/127.jpg,
empty/128.jpg,
empty/129.jpg,
empty/130.jpg,
empty/131.jpg,
empty/132.jpg,
empty/133.jpg,
empty/134.jpg,
empty/135.jpg,
empty/136.jpg,
empty/137.jpg,
empty/138.jpg,
empty/139.jpg,
empty/140.jpg,
empty/141.jpg,
empty/142.jpg,
empty/143.jpg,
empty/144.jpg,
empty/145.jpg,
empty/146.jpg,
empty/147.jpg,
empty/148.jpg,
empty/149.jpg,
empty/150.jpg,
empty/151.jpg,
empty/152.jpg,
empty/153.jpg,
empty/154.jpg,
empty/155.jpg,
empty/156.jpg,
empty/157.jpg,
empty/158.jpg,
empty/159.jpg,
empty/160.jpg,
empty/161.jpg,
empty/162.jpg,
empty/163.jpg,
empty/164.jpg,
empty/165.jpg,
empty/166.jpg,
empty/167.jpg,
empty/168.jpg,
empty/169.jpg,
empty/170.jpg,
empty/171.jpg,
empty/172.jpg,
empty/173.jpg,
empty/174.jpg,
empty/175.jpg,
empty/176.jpg,
empty/177.jpg,
empty/178.jpg,
empty/179.jpg,
empty/180.jpg,
empty/181.jpg,
empty/182.jpg,
empty/183.jpg,
empty/184.jpg,
empty/185.jpg,
empty/186.jpg,
empty/187.jpg,
empty/188.jpg,
empty/189.jpg,
empty/190.jpg,
empty/191.jpg,
empty/192.jpg,
empty/193.jpg,
empty/194.jpg,
empty/195.jpg,
empty/196.jpg,
empty/197.jpg,
empty/198.jpg,
empty/199.jpg,
empty/200.jpg,
empty/201.jpg,
empty/202.jpg,
empty/203.jpg,
empty/204.jpg,
empty/205.jpg,
empty/206.jpg,
empty/207.jpg,
empty/208.jpg,
empty/209.jpg,
empty/210.jpg,
empty/211.jpg,
empty/212.jpg,
empty/213.jpg,
empty/214.jpg,
empty/215.jpg,
empty/216.jpg,
empty/217.jpg,
empty/218.jpg,
empty/219.jpg,
empty/220.jpg,
empty/221.jpg,
empty/222.jpg,
empty/223.jpg,
empty/224.jpg,
empty/225.jpg,
empty/226.jpg,
empty/227.jpg,
empty/228.jpg,
empty/229.jpg,
empty/230.jpg,
empty/231.jpg,
empty/232.jpg,
empty/233.jpg,
empty/234.jpg,
empty/235.jpg,
empty/236.jpg,
empty/237.jpg,
empty/238.jpg,
empty/239.jpg,
empty/240.jpg,
empty/241.jpg,
empty/242.jpg,
empty/243.jpg,
empty/244.jpg,
empty/245.jpg,
empty/246.jpg,
empty/247.jpg,
empty/248.jpg,
empty/249.jpg,
empty/250.jpg,
empty/251.jpg,
empty/252.jpg,
empty/253.jpg,
empty/254.jpg,
empty/255.jpg,
empty/256.jpg,
empty/257.jpg,
empty/258.jpg,
empty/259.jpg,
empty/260.jpg,
empty/261.jpg,
empty/262.jpg,
empty/263.jpg,
empty/264.jpg,
empty/265.jpg,
empty/266.jpg,
empty/267.jpg,
empty/268.jpg,
empty/269.jpg,
empty/270.jpg,
empty/271.jpg,
empty/272.jpg,
empty/273.jpg,
empty/274.jpg,
empty/275.jpg,
empty/276.jpg,
empty/277.jpg,
empty/278.jpg,
empty/279.jpg,
empty/280.jpg,
empty/281.jpg,
empty/282.jpg,
empty/283.jpg,
empty/284.jpg,
empty/285.jpg,
empty/286.jpg,
empty/287.jpg,
empty/288.jpg,
empty/289.jpg,
empty/290.jpg,
empty/291.jpg,
empty/292.jpg,
empty/293.jpg,
empty/294.jpg,
empty/295.jpg,
empty/296.jpg,
empty/297.jpg,
empty/298.jpg,
empty/299.jpg,
empty/300.jpg,
empty/301.jpg,
empty/302.jpg,
empty/303.jpg,
empty/304.jpg,
empty/305.jpg,
empty/306.jpg,
empty/307.jpg,
empty/308.jpg,
empty/309.jpg,
empty/310.jpg,
empty/311.jpg,
empty/312.jpg,
empty/313.jpg,
empty/314.jpg,
empty/315.jpg,
empty/316.jpg,
empty/317.jpg,
empty/318.jpg,
empty/319.jpg,
empty/320.jpg,
empty/321.jpg,
empty/322.jpg,
empty/323.jpg,
empty/324.jpg,
empty/325.jpg,
empty/326.jpg,
empty/327.jpg,
empty/328.jpg,
empty/329.jpg,
empty/330.jpg,
empty/331.jpg,
empty/332.jpg,
empty/333.jpg,
empty/334.jpg,
empty/335.jpg,
empty/336.jpg,
empty/337.jpg,
empty/338.jpg,
empty/339.jpg,
empty/340.jpg,
empty/341.jpg,
empty/342.jpg,
empty/343.jpg,
empty/344.jpg,
empty/345.jpg,
empty/346.jpg,
empty/347.jpg,
empty/348.jpg,
empty/349.jpg,
empty/350.jpg,
empty/351.jpg,
empty/352.jpg,
empty/353.jpg,
empty/354.jpg,
empty/355.jpg,
empty/356.jpg,
empty/357.jpg,
empty/358.jpg,
empty/359.jpg,
empty/360.jpg,
empty/361.jpg,
empty/362.jpg,
empty/363.jpg,
empty/364.jpg,
empty/365.jpg,
empty/366.jpg,
empty/367.jpg,
empty/368.jpg,
empty/369.jpg,
empty/370.jpg,
empty/371.jpg,
empty/372.jpg,
empty/373.jpg,
empty/374.jpg,
empty/375.jpg,
empty/376.jpg,
empty/377.jpg,
empty/378.jpg,
empty/379.jpg,
empty/380.jpg,
empty/381.jpg,
empty/382.jpg,
empty/383.jpg,
empty/384.jpg,
empty/385.jpg,
empty/386.jpg,
empty/387.jpg,
empty/388.jpg,
empty/389.jpg,
empty/390.jpg,
empty/391.jpg,
empty/392.jpg,
empty/393.jpg,
empty/394.jpg,
empty/395.jpg,
empty/396.jpg,
empty/397.jpg,
empty/398.jpg,
empty/399.jpg,
empty/400.jpg,
empty/401.jpg,
empty/402.jpg,
empty/403.jpg,
empty/404.jpg,
empty/405.jpg,
empty/406.jpg,
empty/407.jpg,
empty/408.jpg,
empty/409.jpg,
empty/410.jpg,
empty/411.jpg,
empty/412.jpg,
empty/413.jpg,
empty/414.jpg,
empty/415.jpg,
empty/416.jpg,
empty/417.jpg,
empty/418.jpg,
empty/419.jpg,
empty/420.jpg,
empty/421.jpg,
empty/422.jpg,
empty/423.jpg,
empty/424.jpg,
empty/425.jpg,
empty/426.jpg,
empty/427.jpg,
empty/428.jpg,
empty/429.jpg,
empty/430.jpg,
empty/431.jpg,
empty/432.jpg,
empty/433.jpg,
empty/434.jpg,
empty/435.jpg,
empty/436.jpg,
empty/437.jpg,
empty/438.jpg,
empty/439.jpg,
empty/440.jpg,
empty/441.jpg,
empty/442.jpg,
empty/443.jpg,
empty/444.jpg,
empty/445.jpg,
empty/446.jpg,
empty/447.jpg,
empty/448.jpg,
empty/449.jpg,
empty/450.jpg,
empty/451.jpg,
empty/452.jpg,
empty/453.jpg,
empty/454.jpg,
empty/455.jpg,
empty/456.jpg,
empty/457.jpg,
empty/458.jpg,
empty/459.jpg,
empty/460.jpg,
empty/461.jpg,
empty/462.jpg,
empty/463.jpg,
empty/464.jpg,
empty/465.jpg,
empty/466.jpg,
empty/467.jpg,
empty/468.jpg,
empty/469.jpg,
empty/470.jpg,
empty/471.jpg,
empty/472.jpg,
empty/473.jpg,
empty/474.jpg,
empty/475.jpg,
empty/476.jpg,
empty/477.jpg,
empty/478.jpg,
empty/479.jpg,
empty/480.jpg,
empty/481.jpg,
empty/482.jpg,
empty/483.jpg,
empty/484.jpg,
empty/485.jpg,
empty/486.jpg,
empty/487.jpg,
empty/488.jpg,
empty/489.jpg,
empty/490.jpg,
empty/491.jpg,
empty/492.jpg,
empty/493.jpg,
empty/494.jpg,
empty/495.jpg,
empty/496.jpg,
empty/497.jpg,
empty/498.jpg,
empty/499.jpg,
empty/500.jpg,
empty/501.jpg,
empty/502.jpg,
empty/503.jpg,
empty/504.jpg,
empty/505.jpg,
empty/506.jpg,
empty/507.jpg,
empty/508.jpg,
empty/509.jpg,
empty/510.jpg,
empty/511.jpg,
empty/512.jpg,
empty/513.jpg,
empty/514.jpg,
empty/515.jpg,
empty/516.jpg,
empty/517.jpg,
empty/518.jpg,
empty/519.jpg,
empty/520.jpg,
empty/521.jpg,
empty/522.jpg,
empty/523.jpg,
empty/524.jpg,
empty/525.jpg,
empty/526.jpg,
empty/527.jpg,
empty/528.jpg,
empty/529.jpg,
empty/530.jpg,
empty/531.jpg,
empty/532.jpg,
empty/533.jpg,
empty/534.jpg,
empty/535.jpg,
empty/536.jpg,
empty/537.jpg,
empty/538.jpg,
empty/539.jpg,
empty/540.jpg,
empty/541.jpg,
empty/542.jpg,
empty/543.jpg,
empty/544.jpg,
empty/545.jpg,
empty/546.jpg,
empty/547.jpg,
empty/548.jpg,
empty/549.jpg,
empty/550.jpg,
empty/551.jpg,
empty/552.jpg,
empty/553.jpg,
empty/554.jpg,
empty/555.jpg,
empty/556.jpg,
empty/557.jpg,
empty/558.jpg,
empty/559.jpg,
empty/560.jpg,
empty/561.jpg,
empty/562.jpg,
empty/563.jpg,
empty/564.jpg,
empty/565.jpg,
empty/566.jpg,
empty/567.jpg,
empty/568.jpg,
empty/569.jpg,
empty/570.jpg,
empty/571.jpg,
empty/572.jpg,
empty/573.jpg,
empty/574.jpg,
empty/575.jpg,
empty/576.jpg,
empty/577.jpg,
empty/578.jpg,
empty/579.jpg,
empty/580.jpg,
empty/581.jpg,
empty/582.jpg,
empty/583.jpg,
empty/584.jpg,
empty/585.jpg,
empty/586.jpg,
empty/587.jpg,
empty/588.jpg,
empty/589.jpg,
empty/590.jpg,
empty/591.jpg,
empty/592.jpg,
empty/593.jpg,
empty/594.jpg,
empty/595.jpg,
empty/596.jpg,
empty/597.jpg,
empty/598.jpg,
empty/599.jpg,
empty/600.jpg,
empty/601.jpg,
empty/602.jpg,
empty/603.jpg,
empty/604.jpg,
empty/605.jpg,
empty/606.jpg,
empty/607.jpg,
empty/608.jpg,
empty/609.jpg,
empty/610.jpg,
empty/611.jpg,
empty/612.jpg,
empty/613.jpg,
empty/614.jpg,
empty/615.jpg,
empty/616.jpg,
empty/617.jpg,
empty/618.jpg,
empty/619.jpg,
empty/620.jpg,
empty/621.jpg,
empty/622.jpg,
empty/623.jpg,
empty/624.jpg,
empty/625.jpg,
empty/626.jpg,
empty/627.jpg,
empty/628.jpg,
empty/629.jpg,
empty/630.jpg,
empty/631.jpg,
empty/632.jpg,
empty/633.jpg,
empty/634.jpg,
empty/635.jpg,
empty/636.jpg,
empty/637.jpg,
empty/638.jpg,
empty/639.jpg,
empty/640.jpg,
empty/641.jpg,
empty/642.jpg,
empty/643.jpg,
empty/644.jpg,
empty/645.jpg,
empty/646.jpg,
empty/647.jpg,
empty/648.jpg,
empty/649.jpg,
empty/650.jpg,
empty/651.jpg,
empty/652.jpg,
empty/653.jpg,
empty/654.jpg,
empty/655.jpg,
empty/656.jpg,
empty/657.jpg,
empty/658.jpg,
empty/659.jpg,
empty/660.jpg,
empty/661.jpg,
empty/662.jpg,
empty/663.jpg,
empty/664.jpg,
empty/665.jpg,
empty/666.jpg,
empty/667.jpg,
empty/668.jpg,
empty/669.jpg,
empty/670.jpg,
empty/671.jpg,
empty/672.jpg,
empty/673.jpg,
empty/674.jpg,
empty/675.jpg,
empty/676.jpg,
empty/677.jpg,
empty/678.jpg,
empty/679.jpg,
empty/680.jpg,
empty/681.jpg,
empty/682.jpg,
empty/683.jpg,
empty/684.jpg,
empty/685.jpg,
empty/686.jpg,
empty/687.jpg,
empty/688.jpg,
empty/689.jpg,
empty/690.jpg,
empty/691.jpg,
empty/692.jpg,
empty/693.jpg,
empty/694.jpg,
empty/695.jpg,
empty/696.jpg,
empty/697.jpg,
empty/698.jpg,
empty/699.jpg,
empty/700.jpg,
empty/701.jpg,
empty/702.jpg,
empty/703.jpg,
empty/704.jpg,
empty/705.jpg,
empty/706.jpg,
empty/707.jpg,
empty/708.jpg,
empty/709.jpg,
empty/710.jpg,
empty/711.jpg,
empty/712.jpg,
empty/713.jpg,
empty/714.jpg,
empty/715.jpg,
empty/716.jpg,
empty/717.jpg,
empty/718.jpg,
empty/719.jpg,
empty/720.jpg,
empty/721.jpg,
empty/722.jpg,
empty/723.jpg,
empty/724.jpg,
empty/725.jpg,
empty/726.jpg,
empty/727.jpg,
empty/728.jpg,
empty/729.jpg,
empty/730.jpg,
empty/731.jpg,
empty/732.jpg,
empty/733.jpg,
empty/734.jpg,
empty/735.jpg,
empty/736.jpg,
empty/737.jpg,
empty/738.jpg,
empty/739.jpg,
empty/740.jpg,
empty/741.jpg,
empty/742.jpg,
empty/743.jpg,
empty/744.jpg,
empty/745.jpg,
empty/746.jpg,
empty/747.jpg,
empty/748.jpg,
empty/749.jpg,
empty/750.jpg,
empty/751.jpg,
empty/752.jpg,
empty/753.jpg,
empty/754.jpg,
empty/755.jpg,
empty/756.jpg,
empty/757.jpg,
empty/758.jpg,
empty/759.jpg,
empty/760.jpg,
empty/761.jpg,
empty/762.jpg,
empty/763.jpg,
empty/764.jpg,
empty/765.jpg,
empty/766.jpg,
empty/767.jpg,
empty/768.jpg,
empty/769.jpg,
empty/770.jpg,
empty/771.jpg,
empty/772.jpg,
empty/773.jpg,
empty/774.jpg,
empty/775.jpg,
empty/776.jpg,
empty/777.jpg,
empty/778.jpg,
empty/779.jpg,
empty/780.jpg,
empty/781.jpg,
empty/782.jpg,
empty/783.jpg,
empty/784.jpg,
empty/785.jpg,
empty/786.jpg,
empty/787.jpg,
empty/788.jpg,
empty/789.jpg,
empty/790.jpg,
empty/791.jpg,
empty/792.jpg,
empty/793.jpg,
empty/794.jpg,
empty/795.jpg,
empty/796.jpg,
empty/797.jpg,
empty/798.jpg,
empty/799.jpg,
empty/800.jpg,
empty/801.jpg,
empty/802.jpg,
empty/803.jpg,
empty/804.jpg,
empty/805.jpg,
empty/806.jpg,
empty/807.jpg,
empty/808.jpg,
empty/809.jpg,
empty/810.jpg,
empty/811.jpg,
empty/812.jpg,
empty/813.jpg,
empty/814.jpg,
empty/815.jpg,
empty/816.jpg,
empty/817.jpg,
empty/818.jpg,
empty/819.jpg,
empty/820.jpg,
empty/821.jpg,
empty/822.jpg,
empty/823.jpg,
empty/824.jpg,
empty/825.jpg,
empty/826.jpg,
empty/827.jpg,
empty/828.jpg,
empty/829.jpg,
empty/830.jpg,
empty/831.jpg,
empty/832.jpg,
empty/833.jpg,
empty/834.jpg,
empty/835.jpg,
empty/836.jpg,
empty/837.jpg,
empty/838.jpg,
empty/839.jpg,
empty/840.jpg,
empty/841.jpg,
empty/842.jpg,
empty/843.jpg,
empty/844.jpg,
empty/845.jpg,
empty/846.jpg,
empty/847.jpg,
empty/848.jpg,
empty/849.jpg,
empty/850.jpg,
empty/851.jpg,
empty/852.jpg,
empty/853.jpg,
empty/854.jpg,
empty/855.jpg,
empty/856.jpg,
empty/857.jpg,
empty/858.jpg,
empty/859.jpg,
empty/860.jpg,
empty/861.jpg,
empty/862.jpg,
empty/863.jpg,
empty/864.jpg,
empty/865.jpg,
empty/866.jpg,
empty/867.jpg,
empty/868.jpg,
empty/869.jpg,
empty/870.jpg,
empty/871.jpg,
empty/872.jpg,
empty/873.jpg,
empty/874.jpg,
empty/875.jpg,
empty/876.jpg,
empty/877.jpg,
empty/878.jpg,
empty/879.jpg,
empty/880.jpg,
empty/881.jpg,
empty/882.jpg,
empty/883.jpg,
empty/884.jpg,
empty/885.jpg,
empty/886.jpg,
empty/887.jpg,
empty/888.jpg,
empty/889.jpg,
empty/890.jpg,
empty/891.jpg,
empty/892.jpg,
empty/893.jpg,
empty/894.jpg,
empty/895.jpg,
empty/896.jpg,
empty/897.jpg,
empty/898.jpg,
empty/899.jpg,
empty/900.jpg,
empty/901.jpg,
empty/902.jpg,
empty/903.jpg,
empty/904.jpg,
empty/905.jpg,
empty/906.jpg,
empty/907.jpg,
empty/908.jpg,
empty/909.jpg,
empty/910.jpg,
empty/911.jpg,
empty/912.jpg,
empty/913.jpg,
empty/914.jpg,
empty/915.jpg,
empty/916.jpg,
empty/917.jpg,
empty/918.jpg,
empty/919.jpg,
empty/920.jpg,
empty/921.jpg,
empty/922.jpg,
empty/923.jpg,
empty/924.jpg,
empty/925.jpg,
empty/926.jpg,
empty/927.jpg,
empty/928.jpg,
empty/929.jpg,
empty/930.jpg,
empty/931.jpg,
empty/932.jpg,
empty/933.jpg,
empty/934.jpg,
empty/935.jpg,
empty/936.jpg,
empty/937.jpg,
empty/938.jpg,
empty/939.jpg,
empty/940.jpg,
empty/941.jpg,
empty/942.jpg,
empty/943.jpg,
empty/944.jpg,
empty/945.jpg,
empty/946.jpg,
empty/947.jpg,
empty/948.jpg,
empty/949.jpg,
empty/950.jpg,
empty/951.jpg,
empty/952.jpg,
empty/953.jpg,
empty/954.jpg,
empty/955.jpg,
empty/956.jpg,
empty/957.jpg,
empty/958.jpg,
empty/959.jpg,
empty/960.jpg,
empty/961.jpg,
empty/962.jpg,
empty/963.jpg,
empty/964.jpg,
empty/965.jpg,
empty/966.jpg,
empty/967.jpg,
empty/968.jpg,
empty/969.jpg,
empty/970.jpg,
empty/971.jpg,
empty/972.jpg,
empty/973.jpg,
empty/974.jpg,
empty/975.jpg,
empty/976.jpg,
empty/977.jpg,
empty/978.jpg,
empty/979.jpg,
empty/980.jpg,
empty/981.jpg,
empty/982.jpg,
empty/983.jpg,
empty/984.jpg,
empty/985.jpg,
empty/986.jpg,
empty/987.jpg,
empty/988.jpg,
empty/989.jpg,
empty/990.jpg,
empty/991.jpg,
empty/992.jpg,
empty/993.jpg,
empty/994.jpg,
empty/995.jpg,
empty/996.jpg,
empty/997.jpg,
empty/998.jpg,
empty/999.jpg,
empty/1000.jpg,
empty/1001.jpg,
empty/1002.jpg,
empty/1003.jpg,
empty/1004.jpg,
empty/1005.jpg,
empty/1006.jpg,
empty/1007.jpg,
empty/1008.jpg,
empty/1009.jpg,
empty/1010.jpg,
empty/1011.jpg,
empty/1012.jpg,
empty/1013.jpg,
empty/1014.jpg,
empty/1015.jpg,
empty/1016.jpg,
empty/1017.jpg,
empty/1018.jpg,
empty/1019.jpg,
empty/1020.jpg,
empty/1021.jpg,
empty/1022.jpg,
empty/1023.jpg,
empty/1024.jpg,
empty/1025.jpg,
empty/1026.jpg,
empty/1027.jpg,
empty/1028.jpg,
empty/1029.jpg,
empty/1030.jpg,
empty/1031.jpg,
empty/1032.jpg,
empty/1033.jpg,
empty/1034.jpg,
empty/1035.jpg,
empty/1036.jpg,
empty/1037.jpg,
empty/1038.jpg,
empty/1039.jpg,
empty/1040.jpg,
empty/1041.jpg,
empty/1042.jpg,
empty/1043.jpg,
empty/1044.jpg,
empty/1045.jpg,
empty/1046.jpg,
empty/1047.jpg,
empty/1048.jpg,
empty/1049.jpg,
empty/1050.jpg,
empty/1051.jpg,
empty/1052.jpg,
empty/1053.jpg,
empty/1054.jpg,
empty/1055.jpg,
empty/1056.jpg,
empty/1057.jpg,
empty/1058.jpg,
empty/1059.jpg,
empty/1060.jpg,
empty/1061.jpg,
empty/1062.jpg,
empty/1063.jpg,
empty/1064.jpg,
empty/1065.jpg,
empty/1066.jpg,
empty/1067.jpg,
empty/1068.jpg,
empty/1069.jpg,
empty/1070.jpg,
empty/1071.jpg,
empty/1072.jpg,
empty/1073.jpg,
empty/1074.jpg,
empty/1075.jpg,
empty/1076.jpg,
empty/1077.jpg,
empty/1078.jpg,
empty/1079.jpg,
empty/1080.jpg,
empty/1081.jpg,
empty/1082.jpg,
empty/1083.jpg,
empty/1084.jpg,
empty/1085.jpg,
empty/1086.jpg,
empty/1087.jpg,
empty/1088.jpg,
empty/1089.jpg,
empty/1090.jpg,
empty/1091.jpg,
empty/1092.jpg,
empty/1093.jpg,
empty/1094.jpg,
empty/1095.jpg,
empty/1096.jpg,
empty/1097.jpg,
empty/1098.jpg,
empty/1099.jpg,
empty/1100.jpg,
empty/1101.jpg,
empty/1102.jpg,
empty/1103.jpg,
empty/1104.jpg,
empty/1105.jpg,
empty/1106.jpg,
empty/1107.jpg,
empty/1108.jpg,
empty/1109.jpg,
empty/1110.jpg,
empty/1111.jpg,
empty/1112.jpg,
empty/1113.jpg,
empty/1114.jpg,
empty/1115.jpg,
empty/1116.jpg,
empty/1117.jpg,
empty/1118.jpg,
empty/1119.jpg,
empty/1120.jpg,
empty/1121.jpg,
empty/1122.jpg,
empty/1123.jpg,
empty/1124.jpg,
empty/1125.jpg,
empty/1126.jpg,
empty/1127.jpg,
empty/1128.jpg,
empty/1129.jpg,
empty/1130.jpg,
empty/1131.jpg,
empty/1132.jpg,
empty/1133.jpg,
empty/1134.jpg,
empty/1135.jpg,
empty/1136.jpg,
empty/1137.jpg,
empty/1138.jpg,
empty/1139.jpg,
empty/1140.jpg,
empty/1141.jpg,
empty/1142.jpg,
empty/1143.jpg,
empty/1144.jpg,
empty/1145.jpg,
empty/1146.jpg,
empty/1147.jpg,
empty/1148.jpg,
empty/1149.jpg,
empty/1150.jpg,
empty/1151.jpg,
empty/1152.jpg,
empty/1153.jpg,
empty/1154.jpg,
empty/1155.jpg,
empty/1156.jpg,
empty/1157.jpg,
empty/1158.jpg,
empty/1159.jpg,
empty/1160.jpg,
empty/1161.jpg,
empty/1162.jpg,
empty/1163.jpg,
empty/1164.jpg,
empty/1165.jpg,
empty/1166.jpg,
empty/1167.jpg,
empty/1168.jpg,
empty/1169.jpg,
empty/1170.jpg,
empty/1171.jpg,
empty/1172.jpg,
empty/1173.jpg,
empty/1174.jpg,
empty/1175.jpg,
empty/1176.jpg,
empty/1177.jpg,
empty/1178.jpg,
empty/1179.jpg,
empty/1180.jpg,
empty/1181.jpg,
empty/1182.jpg,
empty/1183.jpg,
empty/1184.jpg,
empty/1185.jpg,
empty/1186.jpg,
empty/1187.jpg,
empty/1188.jpg,
empty/1189.jpg,
empty/1190.jpg,
empty/1191.jpg,
empty/1192.jpg,
empty/1193.jpg,
empty/1194.jpg,
empty/1195.jpg,
empty/1196.jpg,
empty/1197.jpg,
empty/1198.jpg,
empty/1199.jpg,
empty/1200.jpg,
empty/1201.jpg,
empty/1202.jpg,
empty/1203.jpg,
empty/1204.jpg,
empty/1205.jpg,
empty/1206.jpg,
empty/1207.jpg,
empty/1208.jpg,
empty/1209.jpg,
empty/1210.jpg,
empty/1211.jpg,
empty/1212.jpg,
empty/1213.jpg,
empty/1214.jpg,
empty/1215.jpg,
empty/1216.jpg,
empty/1217.jpg,
empty/1218.jpg,
empty/1219.jpg,
empty/1220.jpg,
empty/1221.jpg,
empty/1222.jpg,
empty/1223.jpg,
empty/1224.jpg,
empty/1225.jpg,
empty/1226.jpg,
empty/1227.jpg,
empty/1228.jpg,
empty/1229.jpg,
empty/1230.jpg,
empty/1231.jpg,
empty/1232.jpg,
empty/1233.jpg,
empty/1234.jpg,
empty/1235.jpg,
empty/1236.jpg,
empty/1237.jpg,
empty/1238.jpg,
empty/1239.jpg,
empty/1240.jpg,
empty/1241.jpg,
empty/1242.jpg,
empty/1243.jpg,
empty/1244.jpg,
empty/1245.jpg,
empty/1246.jpg,
empty/1247.jpg,
empty/1248.jpg,
empty/1249.jpg,
empty/1250.jpg,
empty/1251.jpg,
empty/1252.jpg,
empty/1253.jpg,
empty/1254.jpg,
empty/1255.jpg,
empty/1256.jpg,
empty/1257.jpg,
empty/1258.jpg,
empty/1259.jpg,
empty/1260.jpg,
empty/1261.jpg,
empty/1262.jpg,
empty/1263.jpg,
empty/1264.jpg,
empty/1265.jpg,
empty/1266.jpg,
empty/1267.jpg,
empty/1268.jpg,
empty/1269.jpg,
empty/1270.jpg,
empty/1271.jpg,
empty/1272.jpg,
empty/1273.jpg,
empty/1274.jpg,
empty/1275.jpg,
empty/1276.jpg,
empty/1277.jpg,
empty/1278.jpg,
empty/1279.jpg,
empty/1280.jpg,
empty/1281.jpg,
empty/1282.jpg,
empty/1283.jpg,
empty/1284.jpg,
empty/1285.jpg,
empty/1286.jpg,
empty/1287.jpg,
empty/1288.jpg,
empty/1289.jpg,
empty/1290.jpg,
